"Balance","BonusMiles","BonusTrans","FlightMiles","FlightTrans","DaysSinceEnroll"
48296,31329,9,500,1,3061
10021,0,0,0,0,7879
49280,22370,16,0,0,3312
213539,2750,15,0,0,4751
125465,14750,9,0,0,7206
7698,0,0,0,0,1734
201259,40755,34,0,0,3398
350608,50988,26,2643,5,3630
146232,83783,19,375,1,3566
2080,0,0,0,0,4635
93971,62023,22,450,3,4580
20999,15914,13,0,0,6206
15832,8130,20,500,1,1698
207021,3600,4,100,1,5412
31504,7358,2,0,0,1022
27619,83726,68,14050,46,1325
63454,49068,13,0,0,5383
25634,0,0,0,0,5663
83217,3679,4,0,0,2447
172110,21382,23,950,3,5944
50848,0,0,0,0,1773
31319,7552,5,0,0,5912
35557,350,3,0,0,1135
13188,1500,3,1500,3,1955
11449,24415,11,0,0,5864
7535,18487,20,0,0,1678
112345,36640,14,0,0,1669
177232,14787,13,0,0,3137
11494,8425,15,4700,11,5487
37997,11073,5,0,0,2805
2701,5000,10,0,0,8002
31211,280,4,100,1,6330
43498,0,0,0,0,6759
66572,8048,14,450,2,6240
16962,0,0,0,0,2206
7630,220,3,0,0,3403
39956,0,0,0,0,3206
130748,65510,37,6349,7,1545
200963,6164,4,150,1,4782
225802,74340,16,200,2,8296
94896,38127,15,500,1,5602
5351,100,1,0,0,6450
43088,4000,1,0,0,7345
37833,48172,15,500,1,3551
147770,64517,31,450,4,1831
66015,26706,30,2676,7,5790
9396,860,5,350,2,3588
73159,358,4,358,4,3237
23529,500,1,0,0,8296
5110,0,0,0,0,2901
3919,500,1,0,0,1591
37162,0,0,0,0,6241
68963,37723,15,0,0,8296
137760,64949,13,0,0,2580
47764,23122,11,400,1,1872
178010,5500,4,500,1,2777
54950,30500,9,0,0,450
9430,11323,13,0,0,5756
3065,0,0,0,0,87
37569,3850,4,250,1,1597
455228,258,2,258,2,7141
35900,0,0,0,0,7304
89094,55865,13,0,0,2404
11875,3625,22,0,0,1408
43338,1000,4,1000,4,4275
47090,0,0,0,0,3726
21540,1188,9,0,0,4791
26367,19649,15,0,0,5874
38508,13523,13,0,0,3279
33554,27410,16,350,1,6428
108100,45113,17,1000,2,4699
62907,3200,3,200,1,1431
4751,0,0,0,0,334
29754,500,1,0,0,2655
157416,67795,16,0,0,5132
34690,18124,14,0,0,5752
83276,22539,8,650,2,3424
77753,12483,13,0,0,2377
18266,12254,15,0,0,3713
26797,0,0,0,0,1928
80154,47270,14,0,0,4352
10758,0,0,0,0,1777
15219,0,0,0,0,6427
11690,17615,17,0,0,4417
34428,2625,10,0,0,5938
1054,15147,3,0,0,3133
128620,7747,12,0,0,3789
46734,10007,18,0,0,5080
51468,2278,9,0,0,7460
2250,1750,7,0,0,817
97535,0,0,0,0,2418
119340,400,5,400,5,3855
41150,0,0,0,0,2000
88500,2500,2,0,0,5090
103809,16776,14,0,0,3699
29182,3517,18,642,2,1404
3110,1100,2,0,0,345
196922,40170,18,0,0,3755
28693,8229,20,0,0,1937
38021,5538,9,0,0,6407
89876,51620,17,0,0,1739
22215,2375,12,0,0,1857
7375,2750,13,0,0,714
121853,18120,18,2000,4,5589
362642,28079,8,0,0,6835
63311,29318,11,0,0,4667
146014,26366,17,700,3,5822
37212,0,0,0,0,2455
56635,1024,8,359,2,8296
282971,5780,16,300,3,2192
72178,2100,10,0,0,5139
95305,3189,13,0,0,7054
20207,3033,12,0,0,3370
37926,25153,7,0,0,5845
37114,21623,12,0,0,4040
1511,2250,11,0,0,5051
93371,55338,20,0,0,3382
251286,0,0,0,0,8289
81960,37072,22,700,7,6326
46545,0,0,0,0,5066
173543,92752,25,0,0,6329
704113,98119,23,0,0,3082
113113,10736,13,0,0,4307
212051,76256,23,2993,6,5523
28294,0,0,0,0,1865
10288,1250,3,0,0,5532
98895,89709,17,500,1,3854
21101,7171,32,0,0,5839
46882,0,0,0,0,3701
33560,2600,14,0,0,4604
124837,4400,7,1500,5,2053
12713,0,0,0,0,3077
9805,4403,11,0,0,1559
25530,25131,17,0,0,3677
82497,0,0,0,0,3565
6705,600,2,0,0,507
233057,102840,11,0,0,4791
11361,3375,20,0,0,1367
253349,68947,18,1000,2,4545
384470,20468,16,0,0,6280
23854,22498,18,250,3,4274
2627,0,0,0,0,25
52562,23773,15,600,2,3021
142152,19464,13,0,0,3088
24545,0,0,0,0,5671
4500,1500,5,0,0,1033
80331,15489,18,0,0,7634
94272,11098,16,0,0,5121
35546,3376,10,0,0,3739
7730,375,3,0,0,4659
17818,0,0,0,0,1709
81300,3750,5,250,3,5791
5583,3147,14,0,0,5365
112969,7572,7,0,0,7192
16465,16165,5,0,0,1631
25676,0,0,0,0,1597
74531,10914,17,750,3,3456
44182,12313,12,0,0,7619
12465,380,3,0,0,4162
185681,13300,16,1800,9,6896
109087,10462,16,0,0,8296
3350,65,3,0,0,3540
36644,14506,13,0,0,5583
23033,7910,15,0,0,2765
6628,2125,8,0,0,2539
41967,2125,10,0,0,6247
1724,27305,20,0,0,1784
77097,42403,22,1718,4,6683
31784,350,1,350,1,1604
169947,48140,21,0,0,4895
52423,26926,13,0,0,6611
38439,3318,13,0,0,3886
1076,11379,8,0,0,4233
5375,1375,11,0,0,1396
117670,53043,19,550,1,6505
160703,32560,12,0,0,6666
28446,0,0,0,0,1920
290012,64360,18,650,2,5931
86143,29652,11,500,1,4317
59151,11110,13,0,0,1636
472241,3600,12,3500,11,5045
95207,30652,30,2348,8,5531
18944,300,3,300,3,3932
130364,62083,15,250,1,5213
15732,6875,33,0,0,666
112843,16137,14,0,0,6472
55064,8041,13,0,0,3329
131366,1500,2,500,1,1999
131125,4993,11,50,1,1443
640169,82561,36,400,2,3895
29067,485,3,250,1,2147
8725,5600,14,0,0,1426
30040,8636,8,500,1,3873
34651,4000,6,500,1,6157
199956,0,0,0,0,8296
34450,26996,7,0,0,5566
88563,42410,27,0,0,2567
86011,31769,18,0,0,5381
39418,700,3,200,2,2343
259484,19172,26,7172,23,6723
134318,333,3,258,1,3488
177785,77203,15,0,0,1251
242018,3050,3,550,2,3218
124564,11026,13,0,0,3840
18939,855,3,0,0,3216
77067,40129,15,0,0,3671
15496,0,0,0,0,6324
9753,1235,3,0,0,4343
13034,60000,6,0,0,4169
18088,16697,6,0,0,501
61450,7927,10,0,0,4383
28319,18449,13,0,0,4392
89742,39073,13,0,0,6498
82981,105325,44,1000,2,3964
45916,675,6,500,2,2818
59552,7551,22,0,0,6473
2125,625,5,0,0,1248
146086,6950,17,6950,17,5345
188883,5500,3,0,0,2613
298927,69449,27,150,3,2047
5617,4400,4,400,1,4706
33129,30775,14,500,1,5647
7591,0,0,0,0,926
4490,0,0,0,0,107
126873,95598,32,500,1,3880
59990,27878,17,0,0,7854
8811,600,5,0,0,2032
3487,710,1,0,0,6059
59821,4200,4,200,2,4419
31611,4030,12,0,0,1457
40965,9850,11,1850,6,5429
54125,48874,17,450,3,6463
35425,4125,19,0,0,3834
4923,305,2,0,0,2985
1000,1000,1,0,0,1970
194906,23780,14,200,1,3880
7138,0,0,0,0,293
36936,2875,16,0,0,5492
57857,62650,37,12400,29,4996
30893,0,0,0,0,3623
193976,10849,14,0,0,7416
64138,22089,19,0,0,3257
55404,10613,15,500,1,3531
133143,43643,14,50,1,6385
11189,9044,20,0,0,8296
11324,11082,11,0,0,2661
60049,0,0,0,0,4278
63090,12059,20,350,3,4231
41385,26948,14,0,0,7481
78231,19182,13,0,0,3102
34464,5312,5,0,0,2886
11604,95,2,0,0,4177
77523,11050,5,1000,2,4274
62960,50255,10,0,0,1824
24008,540,3,0,0,4901
78305,130,3,0,0,2580
10458,10458,12,0,0,3726
166470,9574,16,0,0,4194
15624,0,0,0,0,1634
43823,500,1,0,0,2717
19078,200,1,200,1,1999
20603,115,5,0,0,3054
75505,30850,17,500,1,4007
35997,71171,19,900,5,6088
771,13160,4,0,0,1601
115533,8867,15,0,0,5968
132132,20443,18,1310,4,3916
38411,500,1,500,1,3190
216498,43083,24,2500,5,4440
11821,10697,10,0,0,6387
402312,77122,18,250,3,7375
52537,49146,19,100,2,1944
12791,0,0,0,0,4246
37300,23760,19,0,0,676
51737,3119,19,0,0,1774
14791,23956,26,300,2,2689
225665,4288,15,500,1,4048
33834,3920,12,0,0,1850
42420,1000,1,0,0,4461
28480,2644,6,0,0,2628
68255,19077,22,400,2,6130
93264,3250,19,0,0,2369
26173,305,1,0,0,1418
24292,6558,10,0,0,5276
62589,10000,4,0,0,2803
34294,17683,14,0,0,2661
44206,22598,14,500,1,2247
87507,17714,19,0,0,3274
85412,25102,16,500,1,2816
138008,34178,14,200,1,2962
104307,51769,24,450,1,6197
39909,2682,14,0,0,4470
20516,3500,20,0,0,1429
26204,4030,6,2930,4,5989
48224,0,0,0,0,2888
14952,250,1,250,1,3099
714717,119162,20,1750,4,7183
62903,16434,13,0,0,3732
71543,0,0,0,0,6305
8767,6589,8,3892,6,4394
46030,4375,27,0,0,4566
41072,3751,15,0,0,2378
137402,950,6,200,3,4685
53384,16907,12,0,0,5778
48577,34224,16,0,0,2794
75039,2750,10,250,1,7435
39601,4066,12,0,0,5434
500,500,1,0,0,493
500,125,1,0,0,1355
114932,3150,13,1650,12,6092
182704,5850,12,3100,10,3820
68243,10012,22,903,3,3888
16936,14970,2,0,0,580
63331,4200,4,700,2,2060
1703,1230,4,0,0,4390
64280,21721,18,0,0,6280
17684,93,1,0,0,2012
301447,63866,18,500,1,6004
404,550,3,0,0,1418
152284,77045,38,1648,10,4996
72510,31469,12,0,0,4169
43000,1273,4,173,1,4646
60493,9000,1,0,0,8289
45432,12833,15,0,0,1322
27488,23927,21,0,0,2273
12153,1050,9,1050,9,2041
405499,72318,46,9729,29,2329
36227,7230,14,0,0,3736
12264,0,0,0,0,267
30664,21242,22,700,5,4268
82528,2100,5,600,4,8228
49438,33912,14,0,0,5085
67948,2750,5,650,3,4226
240904,63385,22,350,1,5045
3834,500,1,0,0,524
28223,8625,12,0,0,5651
156230,5300,8,1300,5,7260
84785,4570,14,0,0,6514
71767,67335,13,0,0,7570
51353,8114,16,2004,10,2637
79333,1500,3,1500,3,2977
18601,5899,12,0,0,1600
352508,23740,6,1000,2,7563
9611,2250,3,0,0,2845
142929,40826,23,0,0,2803
30594,3250,12,0,0,5017
26933,750,6,0,0,1299
34379,13051,20,150,1,3805
8660,0,0,0,0,172
23431,3546,10,0,0,6182
267404,263685,51,3000,6,6584
338656,52908,16,0,0,6444
45050,4875,10,500,1,2669
74579,4600,11,600,8,8289
102669,6760,14,306,2,3265
84633,10771,10,0,0,5479
12221,511,4,0,0,3692
9554,2710,3,0,0,5064
22077,1385,4,0,0,3187
101089,23503,17,0,0,5834
18154,7748,16,0,0,5310
16872,28964,7,0,0,5479
25207,6883,13,0,0,3440
45358,14507,9,0,0,5735
211773,23256,30,0,0,2675
75288,36866,20,0,0,2774
20410,0,0,0,0,541
51745,41377,14,0,0,4606
89413,24667,21,0,0,1767
7015,1150,3,150,2,3398
51592,18678,9,0,0,2230
12088,27292,17,100,1,1298
32323,1250,3,0,0,2074
15221,4425,9,0,0,7361
26561,100,1,0,0,4926
22132,0,0,0,0,5150
53487,0,0,0,0,3991
45150,18907,13,0,0,4141
298505,130647,32,600,2,2483
269558,10000,1,0,0,5472
70927,12011,12,1567,8,2096
109640,66983,38,5500,17,8296
31478,18885,18,0,0,6578
12526,56076,19,3850,11,7375
5410,45890,22,0,0,6603
11162,0,0,0,0,4950
173191,31503,13,0,0,6084
33111,0,0,0,0,2461
42966,7734,6,0,0,2840
45257,3625,7,0,0,3417
25705,0,0,0,0,1180
59017,34746,25,0,0,1418
231,29900,24,5300,15,7015
82352,5760,18,0,0,1797
54309,6772,7,250,1,4698
19627,500,1,500,1,3340
57509,52449,19,150,1,5441
8053,0,0,0,0,6750
265,6000,1,0,0,1012
57793,20959,15,1198,3,1424
12665,4125,24,0,0,4539
14648,21157,12,0,0,1843
95658,5269,18,0,0,7584
18521,1227,2,1227,2,7917
151301,37772,14,0,0,7092
54810,19665,21,0,0,2368
14428,3475,21,0,0,1599
130595,0,0,0,0,1677
1500,0,0,0,0,60
4939,1000,1,0,0,2515
86341,20991,16,0,0,3053
18533,27904,14,0,0,2102
80431,2150,2,150,1,5531
76430,13653,17,0,0,3018
10197,3098,10,0,0,723
99336,14195,14,500,1,4453
238749,7134,14,3134,12,6297
84949,41854,15,0,0,5336
16452,9181,5,0,0,2108
245045,25039,16,500,1,4173
50015,20839,16,50,1,4497
31930,1337,6,267,1,3330
417,3000,1,0,0,3670
81866,10000,4,0,0,1591
2305,0,0,0,0,5105
14106,475,4,0,0,5749
41062,8275,11,0,0,3356
50496,13287,26,0,0,4610
16430,8528,12,0,0,6036
89237,37668,18,0,0,2533
25272,0,0,0,0,5189
157452,45312,18,0,0,4471
70774,32635,31,1400,14,5931
176849,7700,11,950,4,6539
71610,20918,14,0,0,4895
24454,1919,7,0,0,732
5317,0,0,0,0,2992
49514,4500,22,0,0,2569
51653,11052,14,0,0,1571
49145,12755,22,2450,7,5323
23165,5990,15,150,1,1678
72309,41949,20,289,2,1735
18007,33237,15,0,0,4665
53232,80696,65,22100,45,3831
68464,240,3,0,0,8296
65034,14331,16,800,3,6541
38227,8612,13,0,0,7036
14598,625,5,0,0,1562
59424,36600,23,1000,3,4211
42107,3600,4,1000,2,3607
26505,0,0,0,0,3102
35039,174,1,0,0,2314
129412,62510,21,0,0,5982
155385,15267,12,0,0,3624
8957,0,0,0,0,4509
118572,21426,19,0,0,5892
55417,37127,31,0,0,3575
105769,23097,16,0,0,7345
14448,1625,6,0,0,6856
38671,2200,9,1000,5,5192
86345,13415,16,350,2,8009
26334,0,0,0,0,2258
2000,2000,4,2000,4,6809
70518,2000,3,1000,2,4450
95537,29226,17,150,1,1774
10679,13363,12,0,0,4001
67086,18157,16,0,0,6974
23334,0,0,0,0,6441
27669,3219,7,0,0,3413
21855,200,3,0,0,5383
219174,4500,5,2000,4,4265
41176,7624,7,2624,4,3729
46823,5860,12,0,0,7613
20391,90,3,0,0,2884
38061,34227,18,3600,8,2649
49482,33147,23,0,0,1255
3447,1000,1,0,0,872
97606,42980,24,0,0,3355
50715,39211,13,0,0,4051
5500,0,0,0,0,989
15964,0,0,0,0,5325
52713,16273,13,100,1,4449
13543,1443,7,423,2,3811
64385,981,5,0,0,1395
4150,375,3,0,0,1424
5573,1958,17,0,0,3714
15592,37173,13,0,0,5209
22840,0,0,0,0,773
15669,1205,4,0,0,8296
15113,10574,19,0,0,7017
451673,43533,19,900,4,7575
55147,29219,13,0,0,4225
49430,31471,16,0,0,5822
18601,100,1,0,0,4888
68454,13667,12,0,0,5559
124979,14267,14,0,0,3720
2000,0,0,0,0,1479
17575,0,0,0,0,8289
44690,24779,15,1000,2,2297
18047,100,1,0,0,7868
34962,252,3,0,0,6208
91670,48193,17,1000,2,5365
31541,5101,12,0,0,3488
1625,1250,3,0,0,1381
46607,0,0,0,0,3727
14523,4197,4,0,0,6276
51088,0,0,0,0,7057
171509,40090,55,6381,23,8151
10512,0,0,0,0,836
75181,2455,7,1100,3,6133
4858,0,0,0,0,3294
17219,6167,10,3757,6,2627
66052,8380,8,0,0,4301
14345,50752,16,0,0,5487
15439,490,3,0,0,5147
23890,35574,19,0,0,5031
71784,39276,20,0,0,4936
9453,2585,5,0,0,3463
46184,3125,12,500,1,7388
4137,15891,19,0,0,5588
69954,8500,5,500,1,1578
31134,20108,17,0,0,5352
10484,0,0,0,0,6375
4342,0,0,0,0,1678
29105,5000,1,0,0,2774
13381,1150,2,150,1,3312
36861,4642,16,1200,3,3350
53360,7251,5,6251,4,5120
228529,24687,14,500,1,4924
60319,22051,19,50,1,817
31668,1800,3,300,2,2271
26103,13692,18,0,0,3151
415070,153183,41,3802,20,6423
96098,12500,4,0,0,7339
13114,14029,13,0,0,6289
116923,70403,50,0,0,1738
117623,86582,26,1000,6,6477
134650,40232,17,2055,2,6000
9216,340,3,0,0,1466
59385,22914,11,0,0,5476
15876,0,0,0,0,4512
18263,2100,4,1000,2,7285
76446,63811,17,0,0,6550
51402,4375,14,0,0,4978
34412,14734,13,0,0,1524
153962,90992,21,0,0,6567
54116,34997,14,0,0,4848
11782,0,0,0,0,5864
11908,0,0,0,0,5240
16965,2475,13,0,0,2182
145868,61068,18,10042,4,3925
4090,0,0,0,0,59
106234,11160,26,0,0,5238
73811,25394,14,1000,2,5021
13490,0,0,0,0,4870
233656,41941,14,500,1,4266
434,15530,5,0,0,3628
38580,4337,7,0,0,2168
57346,5560,23,0,0,6766
6316,0,0,0,0,4149
24418,12533,13,0,0,5626
60386,24356,14,1565,1,1785
25004,1113,3,0,0,4860
199,0,0,0,0,2822
127807,17086,16,1500,3,7537
47165,4545,4,0,0,2992
22384,0,0,0,0,3676
76077,500,4,0,0,4616
10994,10492,15,0,0,2215
2912,510,1,0,0,2132
1000,0,0,0,0,2126
81380,56524,22,0,0,7404
7845,265,3,0,0,3508
22988,9347,14,1200,4,5944
51890,48963,16,0,0,6910
226826,91660,21,500,1,5906
196079,56890,21,0,0,4791
32988,49484,14,0,0,2161
123646,12450,30,2450,29,5069
77203,66817,16,0,0,4646
12000,5625,34,0,0,859
78268,6172,13,500,1,5758
16472,45517,12,0,0,6262
25279,14938,26,0,0,7327
205651,4025,21,700,4,7932
11021,115,2,0,0,2449
23178,0,0,0,0,2351
152421,17045,20,500,1,5510
203353,14000,13,4000,8,3557
190674,104159,33,4754,15,3396
5450,125,3,0,0,687
14079,6503,16,0,0,2999
41243,27971,7,300,1,6483
114713,7142,18,0,0,8296
16094,0,0,0,0,199
18656,4752,11,0,0,968
8651,41586,22,950,5,5882
75428,7539,14,0,0,5609
2793,8000,3,0,0,4588
24787,1000,1,0,0,3930
105665,31226,13,0,0,4727
19996,500,1,0,0,3217
170632,4650,3,0,0,1480
14957,0,0,0,0,2634
32061,1100,6,0,0,5295
43304,3750,4,250,2,1887
14775,14275,9,0,0,1519
109131,17481,17,150,1,3622
42363,0,0,0,0,7120
46430,2100,4,500,1,7194
49129,16921,18,500,1,2692
7369,0,0,0,0,2277
385195,0,0,0,0,4903
45031,1000,1,0,0,5227
86520,64450,20,1000,2,6592
103240,44627,29,50,1,2993
107360,15641,15,0,0,4423
7430,10500,5,0,0,4791
32377,250,2,250,2,3515
83781,35151,22,200,1,2066
423540,8534,14,2100,9,7375
2214,0,0,0,0,2448
21843,1411,9,0,0,3177
123055,11564,5,1039,2,2209
13958,4291,5,0,0,6905
15584,2875,16,0,0,1894
38739,3050,3,550,2,1976
61956,17500,2,0,0,2755
102083,12978,14,150,2,2780
26256,2000,9,0,0,2847
50909,14830,18,0,0,4135
44331,2850,3,350,1,5555
179472,11289,15,0,0,4708
364387,28200,27,0,0,7213
101464,14610,13,0,0,4223
379744,19191,17,1850,11,4608
285116,8471,18,500,1,7406
94105,100,1,0,0,6676
37904,19052,17,0,0,6487
147128,59991,47,1065,1,2279
107707,19407,25,2211,12,7024
163964,11385,11,0,0,5948
260261,33047,21,0,0,8146
46672,22404,22,0,0,2021
53327,8650,6,650,2,6350
8327,0,0,0,0,5268
47662,100,1,100,1,760
50586,0,0,0,0,3902
29707,300,3,0,0,5275
42040,14189,17,4034,13,5717
48363,790,3,0,0,2766
6345,7719,18,0,0,2805
56954,29409,32,0,0,4051
119180,9275,20,1300,6,4657
5929,168,7,0,0,2371
12091,29271,15,0,0,5609
21285,2375,12,0,0,1879
17587,17587,7,0,0,5367
46926,27889,15,0,0,4554
45883,5647,11,0,0,1464
194949,10121,13,4621,10,4930
69337,17740,13,0,0,5667
119531,60503,43,250,1,4002
153664,55567,17,0,0,1881
99293,81040,23,1000,2,6508
7606,29307,17,0,0,2930
40686,260,2,0,0,4177
103200,500,1,500,1,2062
500,0,0,0,0,122
59445,5500,21,500,2,4843
38429,1004,2,1004,2,2521
13560,0,0,0,0,368
11613,2000,1,0,0,6519
10994,1250,3,0,0,8007
9154,0,0,0,0,3260
11927,4000,15,500,1,1188
7383,7225,11,2750,7,5238
86533,3700,4,700,2,3600
10079,569,8,0,0,4651
83651,14809,18,1997,3,1914
129972,15081,18,500,1,3986
1000,0,0,0,0,594
4350,2100,10,0,0,1409
122700,18604,13,0,0,6556
2000,0,0,0,0,165
111384,26669,14,0,0,4505
2124,2324,2,0,0,1487
91473,27408,17,0,0,6903
33803,6100,34,0,0,4079
192246,3170,5,500,1,3083
355145,61926,29,806,8,5288
22029,2882,14,0,0,1597
4528,290,1,0,0,6565
62121,3602,9,0,0,1692
110893,4653,6,0,0,3645
14513,50,2,0,0,1710
49053,6498,18,950,5,8289
10200,3625,15,0,0,1408
4146,3750,9,0,0,5210
25418,50,1,50,1,720
2119,0,0,0,0,2399
189054,17900,25,7400,23,3985
22414,1094,3,0,0,2957
15064,2910,9,0,0,6171
59763,33772,20,100,1,7907
143967,7346,11,0,0,7689
20390,2500,1,0,0,2528
76737,34648,31,0,0,6211
10036,13959,16,0,0,3030
108395,8598,8,0,0,5416
90332,12845,25,0,0,2927
36296,5780,6,0,0,4600
51471,15505,32,412,1,4450
25685,185,3,0,0,6382
72598,6090,8,1100,1,2804
113183,4200,8,600,5,1865
507506,102279,32,4485,13,8296
15108,2850,16,0,0,5876
23965,7308,16,550,3,5003
18359,0,0,0,0,1748
131992,12504,16,0,0,5372
6280,1220,6,200,2,2578
8780,2750,15,0,0,4237
568,710,3,0,0,3053
196093,14000,3,0,0,5595
222312,29039,17,0,0,3721
14243,6654,17,0,0,1487
25157,830,3,0,0,2732
68286,22831,13,0,0,8296
47056,0,0,0,0,2031
3580,130,3,0,0,4730
53768,4798,16,450,1,4387
120462,10500,9,750,2,1503
44742,2500,1,0,0,3217
32099,10534,6,0,0,1929
19860,1500,5,0,0,3281
78712,0,0,0,0,6433
92843,27650,29,9150,26,3530
59035,245,4,0,0,3960
61584,27937,14,0,0,3783
34170,15476,20,150,1,8289
21839,1375,4,0,0,5411
11463,339,4,0,0,1425
4041,0,0,0,0,3344
100443,12744,21,0,0,5492
5544,350,3,0,0,1713
45842,8253,15,128,1,1805
144973,23703,14,0,0,6280
7108,5598,8,2500,5,2026
268097,26933,25,0,0,4105
140866,15906,17,0,0,5672
43285,745,3,0,0,2436
16626,2500,13,0,0,4329
12868,1875,8,0,0,2483
21270,318,10,0,0,6256
26375,7875,38,0,0,1431
30729,16456,15,0,0,3795
7354,0,0,0,0,5050
31236,2250,13,0,0,4523
110628,63759,13,0,0,2654
7504,0,0,0,0,100
41040,66292,14,200,2,3372
18317,2375,12,0,0,2032
110132,19000,5,0,0,3271
70676,74993,15,0,0,7288
40926,1725,7,0,0,2453
4636,0,0,0,0,42
32991,1230,6,0,0,3693
5570,9094,26,0,0,2287
122164,9944,16,0,0,3182
14776,500,1,0,0,6952
70614,32417,18,0,0,3519
13749,400,4,400,4,996
5425,2000,9,0,0,1412
9492,781,6,250,1,2320
32424,39635,16,0,0,1584
41366,27148,15,0,0,4806
19221,4655,8,500,1,7896
45501,49656,17,316,1,6375
28677,215,3,0,0,3699
137371,4977,6,1977,4,3447
34042,3463,14,250,1,1761
36699,2500,13,0,0,2119
34137,335,5,0,0,2593
46874,9689,38,500,1,7990
38604,625,5,0,0,5184
30273,1720,8,0,0,1117
23390,1650,3,150,1,5958
224081,40108,15,150,2,7059
27532,4639,13,0,0,3939
323273,9000,5,500,1,6028
34584,6962,21,1500,7,5202
103645,3450,3,950,2,1374
213849,500,1,0,0,6549
39759,100,1,100,1,3278
32740,10722,4,0,0,2315
27071,2125,10,0,0,2059
15526,2750,15,0,0,2063
43310,10058,13,0,0,1589
88929,44932,20,650,2,5694
12207,0,0,0,0,4565
71459,36608,28,1020,3,3312
137076,61276,24,1600,4,3225
18545,25053,22,0,0,2304
102803,90605,20,0,0,5701
17036,0,0,0,0,1210
18148,26,3,0,0,1565
9998,0,0,0,0,6448
16648,625,4,0,0,6588
76387,3588,7,0,0,4442
42572,21809,14,100,1,5070
3522,3522,4,0,0,3916
16088,17872,15,0,0,4563
70353,2986,15,150,2,1879
27876,0,0,0,0,5972
89112,28670,29,0,0,2680
2494,0,0,0,0,8289
12895,0,0,0,0,7277
9601,20467,16,0,0,6338
370596,50120,12,0,0,5826
34177,7072,16,350,1,2867
109790,16108,4,0,0,3123
14372,9042,13,0,0,3557
17469,0,0,0,0,6730
122705,24222,15,0,0,7682
9300,3250,18,0,0,1396
63638,0,0,0,0,5155
17828,35099,14,0,0,2115
45687,45,2,0,0,2269
12271,7684,15,1000,2,4219
28218,750,4,750,4,7232
4354,1000,1,0,0,706
22772,0,0,0,0,8289
81974,37266,18,1050,3,7661
12404,1950,7,1200,4,4701
930410,211284,18,2250,6,7640
5906,280,1,0,0,6395
62080,19113,32,10650,28,6434
73899,2745,14,500,1,2362
10760,0,0,0,0,1534
10071,27701,16,0,0,1421
4289,2350,4,750,2,1083
66434,13041,13,0,0,6230
75892,8738,15,0,0,4160
2625,125,1,0,0,5087
298911,8550,11,2550,8,7714
1057,433,5,0,0,5622
189053,24156,22,0,0,7439
8859,11998,13,0,0,3690
2111,100,1,0,0,5962
104632,26700,10,1200,7,2791
391,9000,1,0,0,2581
47509,21210,10,1000,2,4490
28306,233,3,0,0,6371
9795,0,0,0,0,4960
34007,440,2,0,0,1937
25322,23821,16,0,0,4673
307149,58008,19,650,2,3173
46142,14445,13,0,0,6452
3552,10597,17,0,0,2264
147862,44783,14,0,0,2426
7029,495,3,0,0,2565
55384,0,0,0,0,5309
9794,2250,11,0,0,968
320997,82255,24,0,0,5345
53985,1000,1,0,0,7029
40408,9612,12,0,0,913
118415,4475,10,100,1,4545
13522,5000,1,0,0,5162
1300,370,1,0,0,6868
113758,12616,14,0,0,5199
7038,1336,3,1336,3,309
42236,8639,10,8389,9,3259
234327,30406,28,150,2,6319
48707,37655,14,0,0,7631
69647,45175,20,2250,3,854
26065,5600,6,1500,3,1530
129919,7150,5,650,2,3053
153108,25802,14,500,1,8137
83105,65077,28,753,3,6137
378759,28904,9,2303,4,5408
83524,43152,18,0,0,3694
85036,43825,21,0,0,5807
45781,6498,13,0,0,5801
12195,3875,17,0,0,7229
104245,45589,14,0,0,3810
10084,500,1,500,1,5946
46186,9744,14,0,0,2364
24496,4000,3,500,1,4086
22324,1375,4,0,0,6753
39450,0,0,0,0,1529
11676,1000,1,0,0,1158
83623,2692,6,900,4,2395
60085,14714,17,0,0,2404
22053,39810,27,0,0,2042
18142,220,4,0,0,3638
17135,60,2,0,0,1747
76933,28075,17,0,0,6646
16495,18779,11,0,0,4261
76150,36907,17,0,0,6998
18476,8525,4,200,1,1403
29298,24656,13,0,0,3141
15253,5427,8,0,0,4373
102062,44247,16,0,0,6758
363165,5950,11,1850,8,6116
59162,2520,7,0,0,4726
39098,18992,14,0,0,2129
273442,54625,35,2850,7,2676
8000,2250,11,0,0,3879
10741,6593,8,1108,2,1579
149167,48521,13,0,0,6155
96179,32069,14,400,2,1667
16986,0,0,0,0,3676
45225,14711,15,0,0,7339
64341,63621,13,0,0,4568
24711,3193,11,500,1,6009
22268,23582,15,200,1,6339
71264,94161,17,1000,2,4903
175501,34318,36,7974,19,2691
57374,2100,5,2100,5,1440
120860,2000,1,0,0,1761
3625,0,0,0,0,1369
189077,54353,27,100,1,542
111897,14728,14,0,0,6310
205219,30347,19,0,0,4792
52693,947,4,0,0,2374
166465,98717,30,0,0,5531
17472,500,1,0,0,1618
3246,0,0,0,0,1401
37618,17385,7,0,0,5818
6000,2250,4,0,0,713
31360,821,7,0,0,4488
11109,53627,13,0,0,2623
239576,13301,12,0,0,4849
65533,7595,10,0,0,4544
105458,750,4,700,2,4924
105898,4444,5,1944,4,2332
152178,39760,15,248,1,1073
51261,2000,4,2000,4,4904
69959,16504,13,0,0,6108
73601,12902,36,2000,4,2624
55086,525,3,400,2,3293
11500,0,0,0,0,1695
48333,10123,14,0,0,6737
10491,5025,11,150,1,6357
54388,27516,14,0,0,3903
46157,1625,3,500,1,5609
148053,10250,2,250,1,5301
35062,16237,26,0,0,4152
25671,10513,12,0,0,2945
33064,300,3,0,0,1895
28979,6494,12,0,0,6010
45137,2000,1,0,0,1319
17111,13577,10,0,0,4434
78130,37251,15,900,2,6120
151265,61068,13,0,0,1213
235567,16106,15,0,0,5728
86913,23705,6,0,0,2691
10872,4500,27,0,0,3882
15655,2807,12,957,4,2476
98339,16336,13,0,0,3145
3625,2000,9,0,0,1431
822321,138334,26,600,2,3288
92905,1766,10,0,0,4827
118067,8715,12,0,0,3718
24579,2100,10,0,0,1967
20248,18507,37,1700,5,4488
218191,24630,17,0,0,5240
58951,47994,15,500,1,6625
17481,0,0,0,0,1535
4708,1000,1,0,0,4232
190295,3501,15,0,0,8296
10621,90,3,0,0,2223
330644,0,0,0,0,5822
34443,2125,10,0,0,4233
63311,90181,34,950,6,4604
146248,2900,4,1400,3,6333
111793,500,1,0,0,4057
198317,61714,16,0,0,8289
97416,63679,29,0,0,5093
70308,41704,19,0,0,2186
86273,35304,15,500,1,2523
184805,52755,22,0,0,4726
347096,12000,6,0,0,6408
97391,26299,8,0,0,1607
20702,30451,24,1100,5,5856
86285,61274,14,0,0,6249
24475,800,8,800,8,1614
82605,23049,15,0,0,6417
114067,42569,23,0,0,3336
26740,619,7,0,0,6213
88232,11550,5,550,3,3729
6789,0,0,0,0,2237
29350,27703,15,0,0,3020
3446,0,0,0,0,3245
63820,13981,15,0,0,4608
34257,2010,4,0,0,4309
20982,44238,18,0,0,4716
19702,3000,1,0,0,6554
85823,0,0,0,0,2074
124030,61599,16,0,0,5934
139032,19565,17,1150,4,1481
5459,9864,14,0,0,880
99196,28334,16,0,0,2595
138332,67836,17,0,0,4692
35316,1250,4,500,1,5330
40418,12678,12,0,0,6541
26156,23831,16,0,0,5297
9575,0,0,0,0,1835
25629,107308,36,600,2,5966
126701,20636,15,0,0,2878
25302,11312,13,0,0,5245
30306,2500,1,0,0,4309
71682,11662,11,0,0,3173
142244,12325,13,0,0,3578
31230,815,5,815,5,4931
143378,3000,4,1500,3,5905
2125,875,7,0,0,1396
210496,9022,24,4900,19,5953
38884,2850,13,500,1,5729
5931,0,0,0,0,882
32270,0,0,0,0,2040
135770,4700,5,200,3,4215
17699,0,0,0,0,5505
14304,0,0,0,0,4600
133954,37670,18,1500,3,7654
96026,25670,19,0,0,4310
28028,0,0,0,0,1548
115215,5824,7,0,0,2096
55843,6000,3,0,0,4341
68456,6317,5,0,0,2488
87402,41685,21,0,0,3306
2502,15500,4,500,1,4761
195754,98535,40,2550,9,5202
1199220,3800,19,3300,18,8023
123313,31595,15,0,0,3959
127693,17383,15,0,0,6246
1010,0,0,0,0,1423
43749,9557,5,0,0,4664
25563,303,8,0,0,3511
11245,0,0,0,0,1920
32742,61857,26,0,0,7488
295638,5422,20,818,2,7700
83590,3708,22,0,0,8228
28049,100,2,0,0,1164
17893,9623,13,0,0,3074
1875,1250,3,0,0,6266
33373,0,0,0,0,5427
707079,57173,40,3450,12,7523
103172,3125,3,0,0,2416
36790,7158,14,0,0,6133
26164,0,0,0,0,2566
166417,28607,11,0,0,4357
119214,19633,23,15533,17,1041
12688,0,0,0,0,2993
16700,1500,5,0,0,1269
75971,34339,14,0,0,6869
127835,52700,21,0,0,2301
49151,12931,38,0,0,1423
14614,2275,3,0,0,4567
48852,1058,3,0,0,2278
10069,200,1,0,0,4933
36953,25598,16,0,0,2997
38224,2587,10,0,0,4824
18661,0,0,0,0,6352
7545,616,6,0,0,4587
229744,68754,35,550,2,7467
44764,5539,6,0,0,2081
29150,13952,14,0,0,2544
55381,0,0,0,0,3600
36033,36033,13,0,0,4079
208804,56204,31,500,1,4429
57927,1500,3,1500,3,5149
42351,28959,14,0,0,5594
204582,4671,14,0,0,7498
9175,4000,25,0,0,1428
375927,18202,30,1100,3,5652
38591,11039,18,0,0,3488
114037,14000,7,500,1,3201
292023,14125,12,3250,7,3683
27204,7627,16,0,0,1968
23696,5577,10,0,0,5531
97510,71609,51,7650,26,1665
184301,6454,13,3954,12,4010
20352,1900,5,500,1,2658
264735,6980,17,0,0,2894
69884,89360,24,450,2,1990
42042,9846,14,0,0,1606
62705,2750,15,0,0,1422
78028,36269,24,0,0,8289
65263,22500,4,0,0,3844
382546,136619,34,3000,6,8228
9375,3250,19,0,0,1410
47905,14575,16,2000,4,4245
75949,952,4,0,0,2195
19881,2472,15,0,0,2186
100069,18745,13,0,0,3454
9520,12515,13,0,0,2438
78462,20291,14,0,0,2311
56395,72905,24,1800,4,2344
76513,45265,16,0,0,3235
143200,79837,28,50,1,6667
23553,1587,4,487,2,6295
21689,0,0,0,0,6570
10915,5455,15,0,0,2473
105579,16332,12,0,0,2830
20335,5115,2,0,0,768
12602,5632,5,500,1,158
6250,2250,11,0,0,1365
44038,21634,11,0,0,872
18068,0,0,0,0,5174
212976,19926,12,0,0,7624
95728,56111,14,0,0,1372
6663,1125,7,750,4,7575
17377,500,1,0,0,2010
28493,21845,22,300,1,3932
49271,20695,11,0,0,852
16999,140,1,0,0,8296
106773,12900,10,1400,8,8289
65508,14000,7,2500,5,6015
26693,22057,14,0,0,1863
37550,0,0,0,0,2579
192889,10500,5,0,0,4096
50212,1507,7,500,1,1801
131528,10365,17,500,1,6227
51367,40004,24,0,0,2434
4460,4741,14,1816,1,3113
6350,0,0,0,0,3657
22461,150,1,150,1,2223
20844,20844,10,0,0,4474
41133,635,3,0,0,4419
45005,0,0,0,0,2934
242062,5125,18,0,0,2150
118940,36001,17,150,1,7484
25210,14500,5,500,1,2138
67612,0,0,0,0,4442
60250,43071,12,0,0,2214
93700,58745,14,0,0,4827
9620,500,1,0,0,1523
37514,35874,31,500,1,4537
1650,1250,3,250,1,5554
65340,33795,11,500,1,3775
59895,10500,4,0,0,3497
11548,1634,7,0,0,3837
50675,1100,2,100,1,6282
3734,61096,18,150,2,6760
19896,9866,11,0,0,4602
62124,0,0,0,0,2355
18272,2920,5,0,0,3405
2176,0,0,0,0,7847
114376,33949,15,0,0,5009
217846,49198,20,0,0,7215
58452,0,0,0,0,8296
62396,1250,3,0,0,8075
8063,18250,5,0,0,1950
149678,0,0,0,0,7022
141813,39743,14,0,0,7254
32563,4200,3,200,1,4282
23551,2375,12,0,0,4663
21787,1500,5,0,0,1704
30554,38243,25,0,0,5324
19032,2375,12,0,0,6169
2000,0,0,0,0,3188
232171,22258,30,650,2,6340
208519,4040,6,450,2,6627
35203,1800,16,1800,16,3832
33413,31605,8,0,0,647
20529,0,0,0,0,2644
12906,0,0,0,0,4124
15349,250,2,0,0,6457
20508,22250,8,1250,5,6794
99226,5796,12,0,0,1811
41279,8682,14,0,0,2241
74073,45526,41,200,1,2976
91237,78864,26,0,0,4321
64538,0,0,0,0,6123
1866,1128,8,0,0,1782
241165,1700,3,200,2,3000
771,40256,4,0,0,4203
111157,32883,19,0,0,7771
135828,34495,28,450,2,2142
35969,11665,21,0,0,6977
16341,0,0,0,0,3190
149959,85844,51,1400,4,5986
74342,4389,12,0,0,8228
45575,23223,17,0,0,2964
11875,3625,22,0,0,1388
80612,32334,20,0,0,5839
60331,17878,27,0,0,3036
63364,15415,11,0,0,2560
14457,1875,8,0,0,2409
161813,126941,20,0,0,7026
58898,23050,15,50,1,4328
58139,38408,16,150,1,7227
45766,4550,11,1300,7,5002
72623,0,0,0,0,4957
96988,7761,14,0,0,5715
12766,1900,4,400,2,4072
41648,32117,35,2200,5,5408
5625,2350,12,0,0,1270
37171,3450,5,950,4,1341
21216,7787,12,0,0,3378
16984,10334,15,0,0,4884
88122,19408,13,0,0,5174
6803,1644,11,0,0,1296
74777,20630,8,0,0,5384
11133,0,0,0,0,3147
236274,61515,12,0,0,7375
194604,6606,10,0,0,6190
32125,1010,4,500,2,1795
25463,7973,14,0,0,5813
8927,0,0,0,0,8296
73597,25447,8,0,0,1402
54039,5250,22,1250,10,1709
22457,17579,15,0,0,2858
95989,92159,30,1329,4,7518
45613,29117,16,350,1,4625
11355,135,3,0,0,3916
33020,6155,25,1500,3,5322
35493,0,0,0,0,1602
144171,33200,15,0,0,6073
96031,46588,21,0,0,8289
120447,53804,15,350,1,4840
67770,23960,15,0,0,5539
3258,0,0,0,0,106
17191,2484,6,2484,6,922
81952,64754,22,0,0,5427
44760,3105,6,100,2,5455
440265,22750,15,1250,10,6234
245758,2750,4,750,2,6179
99405,14150,11,2150,9,5400
24917,3948,14,0,0,1457
16883,4398,12,500,2,1626
7291,0,0,0,0,4104
23786,16950,4,0,0,5364
14732,100,1,0,0,8289
21839,853,3,119,1,3638
6240,0,0,0,0,1679
121156,12245,6,1000,2,1538
7490,0,0,0,0,3042
110980,12900,8,950,4,4853
68180,2044,9,0,0,3550
91974,19223,18,500,1,6372
63547,31745,14,0,0,5748
293648,22148,15,0,0,6161
128456,70125,28,0,0,3764
26421,1250,3,0,0,4593
43310,11943,14,0,0,1804
170309,66546,20,4130,4,5009
104052,6016,12,0,0,4331
31899,29816,20,500,1,1804
120073,12423,29,0,0,7276
6551,300,3,300,3,1117
38822,2000,9,0,0,5304
1456,500,1,0,0,1130
168778,57060,20,500,1,3326
35801,3337,13,0,0,3743
24917,16239,13,150,1,5857
33383,0,0,0,0,4163
43510,4850,6,350,2,3328
45830,23404,10,0,0,6459
66590,1300,13,0,0,1975
30546,11304,14,0,0,3900
16583,2625,7,0,0,7682
145723,59858,16,0,0,8296
67070,34600,27,2100,10,2416
26325,14559,20,1310,2,5521
42438,519,10,0,0,5349
161321,59645,21,0,0,5147
15088,5625,15,0,0,6177
18402,0,0,0,0,3746
65664,11899,5,0,0,1121
368535,146201,21,2600,6,4210
14739,1800,4,800,3,5332
3789,181,3,0,0,4756
120941,42301,21,0,0,7588
7658,300,1,0,0,3231
17470,4100,9,2500,5,4691
110247,13690,16,0,0,5272
283670,39260,39,200,1,3972
13271,0,0,0,0,1435
1021,100,1,0,0,3553
124775,11564,8,700,2,4847
46378,2358,5,2358,5,1766
1125,0,0,0,0,898
6000,0,0,0,0,5286
25080,2060,12,0,0,3795
22455,38814,17,0,0,4175
53543,21183,11,563,2,1149
15610,0,0,0,0,3508
7400,2600,14,0,0,1394
103888,4379,3,4379,3,2238
54189,8940,17,0,0,4791
63437,7160,15,0,0,4595
252741,29296,19,635,3,4189
66956,4520,5,1508,1,1342
9126,1202,13,350,1,4554
68891,37257,14,500,1,5178
40675,1413,9,0,0,2895
21933,27166,15,550,1,4974
56174,6589,15,0,0,1768
1439,80,2,0,0,2684
48877,11761,35,371,2,5371
40425,3300,8,1700,5,1753
29861,28190,15,0,0,6407
24868,205,5,0,0,6689
25541,660,3,0,0,4520
88192,47848,22,500,1,4784
71263,80554,41,0,0,2987
109505,15766,23,0,0,1867
27712,750,2,750,2,3491
33466,355,3,0,0,3592
150972,2700,3,700,2,3645
5000,2125,3,0,0,1412
86638,45861,13,0,0,2867
12612,0,0,0,0,4170
54392,0,0,0,0,5807
94544,111827,8,350,1,4105
1836,850,4,350,3,5329
27981,63004,17,0,0,2921
25544,3271,7,0,0,4580
15378,25236,9,736,3,2741
17539,500,3,400,2,628
7061,7100,12,0,0,7218
71076,10000,1,0,0,4820
17778,0,0,0,0,5897
10179,5321,15,0,0,4989
190542,8487,9,0,0,7267
28086,7368,12,0,0,7549
45412,1100,3,1100,3,5163
163083,3825,9,450,4,6428
62895,8500,4,0,0,5520
4652,0,0,0,0,207
162369,41359,15,500,1,4113
11700,0,0,0,0,2585
118531,44577,38,0,0,6868
226941,44771,17,0,0,4099
22093,14857,11,200,1,2587
81055,14344,14,0,0,4610
36736,0,0,0,0,4134
34996,6313,14,150,1,2909
126167,190160,15,0,0,1612
50386,2750,8,0,0,1721
13899,5125,31,0,0,1705
15135,13357,14,0,0,2579
80988,4413,5,0,0,4707
163976,39098,18,2594,4,4922
127768,65264,21,250,1,5064
14525,4625,28,0,0,5317
31311,3961,10,0,0,6494
87938,11268,2,0,0,7085
73852,0,0,0,0,4252
18924,4000,18,0,0,5168
183370,30988,14,12988,9,4848
147472,20645,16,0,0,6163
35323,1875,8,0,0,3553
2131,405,3,0,0,1480
109380,7537,16,0,0,7749
26129,20265,17,0,0,3629
20726,1375,4,0,0,7924
11925,400,4,400,4,4015
282784,19314,17,3100,7,2460
24394,3250,3,250,1,5713
3962,292,8,0,0,4027
11181,929,12,0,0,1407
5199,28100,16,0,0,2592
276607,11430,14,6430,11,4791
29291,31357,32,1950,6,1391
25333,11229,16,300,2,6099
57474,5535,7,0,0,4364
59839,26962,18,0,0,3404
70133,7396,16,0,0,6392
28621,13878,20,1400,10,7479
44247,40939,26,0,0,6184
47958,0,0,0,0,7130
28931,6500,4,500,1,6354
51730,2875,16,0,0,3264
27155,47252,15,300,1,3001
23552,36165,11,0,0,4300
168246,4600,4,100,2,4103
82655,101101,19,700,2,8057
51176,40397,16,0,0,2243
84856,6894,13,0,0,5547
77965,41126,33,2683,7,3120
34204,16862,9,1700,5,3596
4224,0,0,0,0,336
32141,3500,14,0,0,5768
11593,9055,16,0,0,3558
132256,15040,24,899,3,5988
57346,7946,6,5446,5,492
329,23492,14,0,0,4868
36844,21715,16,0,0,3161
26650,4652,11,4652,11,1958
25089,40763,19,550,2,5259
95982,3630,3,0,0,2623
112501,19140,11,0,0,7101
27989,25369,16,2729,2,4981
126555,41253,19,0,0,6280
18260,500,1,0,0,2780
51172,500,4,0,0,1939
62998,11326,24,0,0,7253
19348,17059,19,0,0,6022
326704,37408,19,0,0,2962
16992,0,0,0,0,5582
374613,23592,31,5000,14,3463
278437,50888,26,0,0,4744
29005,90,3,0,0,3060
16065,0,0,0,0,4456
13936,1625,6,0,0,1418
166199,10550,5,50,1,1851
8320,0,0,0,0,5164
158483,9018,11,0,0,8289
20537,44791,21,2612,4,1569
34854,750,5,650,4,6063
22998,0,0,0,0,1644
4600,140,1,0,0,5959
113683,11821,12,0,0,5773
4838,23592,16,500,1,5024
16569,3204,8,0,0,2120
20353,1729,5,0,0,2298
247743,51296,20,500,1,5087
17397,1750,7,0,0,1215
9673,0,0,0,0,2501
62569,33765,19,50,1,4888
52718,11540,11,0,0,1755
53914,33767,45,5550,29,6826
76595,10577,2,9577,1,1515
40757,14002,11,0,0,5912
135168,29156,16,300,2,6002
323459,12000,8,1500,3,6378
142810,8000,4,0,0,3049
45950,38921,22,750,2,4302
25992,24333,10,0,0,1678
13040,500,1,0,0,3972
112891,500,1,500,1,3909
266200,5000,1,0,0,5583
10845,0,0,0,0,1621
13046,0,0,0,0,4597
20789,0,0,0,0,4279
2344,1478,10,0,0,4481
33010,0,0,0,0,3915
11512,3667,14,0,0,4460
135568,40051,21,0,0,3166
34327,0,0,0,0,6745
40284,7719,5,0,0,6827
235422,30208,14,0,0,2629
4546,1000,1,0,0,239
20417,5000,1,0,0,3013
96827,12100,19,8100,17,5801
88177,53468,19,400,1,5080
2622,1625,6,0,0,1404
119082,4230,17,3600,14,6340
5393,0,0,0,0,4517
39728,16359,11,0,0,1860
144570,49052,15,0,0,5617
340874,68090,43,5676,27,6305
80272,34744,14,550,2,3728
75279,5375,21,0,0,2459
19694,2125,10,0,0,1436
40567,18122,16,0,0,6268
72325,56792,16,0,0,5731
87293,21584,17,1050,2,7406
1227,0,0,0,0,5786
22652,57642,14,0,0,7271
241918,40945,13,0,0,5379
346178,63803,16,0,0,6645
131554,64937,15,0,0,5428
63587,500,1,500,1,6184
82114,58335,15,0,0,5658
4096,3802,8,0,0,2433
46706,3344,16,0,0,2609
294881,84800,20,0,0,7279
11820,2045,5,0,0,6227
36491,500,1,500,1,1027
17376,4920,11,0,0,2265
35065,5400,5,1400,3,7311
402874,74800,15,0,0,7582
59704,57404,14,0,0,2440
2039,0,0,0,0,2451
8992,9113,11,0,0,2145
76702,21568,17,0,0,6025
0,5491,18,2116,5,3204
23846,9177,6,0,0,2678
53983,24862,13,0,0,3512
82380,2601,13,0,0,5071
85696,18603,14,0,0,1591
22412,11654,12,0,0,4460
22548,3225,9,0,0,3852
139882,47089,15,0,0,4859
174743,27460,12,0,0,2326
59650,5050,16,3950,13,1476
108341,19670,21,0,0,7488
51304,11611,40,10075,36,4708
36294,0,0,0,0,3956
28484,350,3,0,0,2782
92336,11214,6,0,0,6884
60864,23364,19,50,1,4436
6835,765,3,0,0,596
3977,0,0,0,0,3593
57909,5150,4,0,0,6323
126148,6273,8,0,0,6435
37911,2250,11,0,0,4385
45006,1400,6,300,4,925
100634,69669,28,1540,12,4193
60349,10350,18,0,0,3468
26080,9872,13,0,0,8228
16504,500,4,0,0,1397
21747,0,0,0,0,5638
46349,33923,20,1100,2,4856
28205,101685,16,0,0,5267
4087,500,4,0,0,4684
62023,750,4,550,1,3819
278457,57313,27,1000,2,7101
28335,400,3,0,0,2161
44307,7944,8,0,0,6060
22424,648,2,0,0,3951
45494,5021,16,600,2,8228
69788,1500,3,1500,3,2705
23173,7843,8,0,0,2565
16420,0,0,0,0,6942
38312,37419,14,0,0,5980
65458,28356,24,1100,3,3382
68532,68704,21,0,0,2822
14426,0,0,0,0,4096
1022,0,0,0,0,277
72085,20310,12,150,1,2462
39207,965,3,0,0,3757
142175,37461,22,0,0,6732
10152,0,0,0,0,6010
8273,0,0,0,0,1474
13375,15732,43,9200,28,5916
105166,37663,22,0,0,7120
383030,8001,25,3226,15,7326
66875,3206,17,0,0,4308
87553,15681,14,0,0,4547
156219,55874,24,0,0,5015
20518,5580,10,0,0,2600
55703,0,0,0,0,6520
29182,50698,14,0,0,2999
31673,2500,1,0,0,283
43326,1100,7,1100,7,5776
42639,7366,12,0,0,4181
17739,437,4,0,0,5941
61081,37682,21,2000,4,2509
93198,28923,18,0,0,500
188759,3082,3,0,0,2817
108950,3300,9,3300,9,5259
19998,4309,13,0,0,4995
218207,8500,4,0,0,6114
258422,48708,17,0,0,5657
80737,2845,5,150,1,3028
12375,3875,24,0,0,863
101290,33876,22,500,1,2291
48127,41447,28,0,0,6421
73501,21014,26,3694,8,1720
23720,4000,3,500,1,1678
11255,0,0,0,0,6428
49436,33836,13,0,0,2167
150698,43589,20,1200,4,6193
61598,0,0,0,0,6311
41275,0,0,0,0,2035
97486,22707,15,0,0,6387
456509,500,1,500,1,4201
22372,14766,12,0,0,4950
14414,0,0,0,0,7024
93743,1210,7,650,5,4676
61405,32316,20,1350,8,4828
5000,5000,1,0,0,2893
106378,56007,14,0,0,3607
910,5172,13,0,0,6662
121395,4970,8,650,2,6889
21083,129330,16,1000,2,8296
49991,44146,27,2510,4,4803
198859,17855,14,500,1,8296
17334,6783,27,50,1,6318
58970,13467,18,0,0,3946
86588,4537,4,0,0,1072
29196,7011,15,0,0,2082
18328,0,0,0,0,6790
15129,0,0,0,0,8296
10959,500,1,0,0,3469
36513,825,3,725,2,1611
111041,10252,12,0,0,3875
4399,750,6,0,0,1369
29244,6252,13,0,0,2650
7371,1375,4,0,0,4505
6338,0,0,0,0,322
8516,0,0,0,0,5566
77814,43914,17,0,0,4587
39628,0,0,0,0,6711
14988,2100,10,0,0,6203
18351,0,0,0,0,4744
80250,895,2,0,0,6833
127199,2563,14,0,0,2917
26862,15510,15,0,0,4965
17500,0,0,0,0,6400
21461,40806,28,0,0,6011
207545,11137,34,4387,12,8105
18735,4100,19,0,0,1913
1125076,23046,14,0,0,8107
35356,18520,15,300,1,3637
133052,17424,15,0,0,5843
84409,15436,16,1150,4,7766
49560,0,0,0,0,2770
11648,475,4,0,0,5318
8684,0,0,0,0,544
13812,15149,39,0,0,7110
16825,4250,27,0,0,1431
111064,12700,7,2700,6,4547
257068,5900,4,400,1,6420
25788,4650,13,4650,13,3687
46272,5720,10,800,3,5092
109532,128048,53,7939,26,6372
21915,7000,33,0,0,4289
11552,0,0,0,0,481
26605,3704,11,0,0,3543
49588,4960,14,100,1,3299
48433,3500,4,500,1,6807
11572,7164,22,0,0,1163
25090,25860,9,0,0,1786
24038,6290,14,0,0,8289
104442,38180,23,1450,5,5029
40808,38612,27,400,2,4490
71794,6000,3,0,0,1453
118934,66222,37,2250,17,7354
74280,23735,18,0,0,1425
49331,23572,12,100,1,4888
42071,500,1,0,0,502
202168,12463,18,0,0,2098
29346,150,1,150,1,2773
176982,2299,9,0,0,5234
170049,10232,16,750,2,5770
1701,10,1,0,0,4260
72497,24279,13,0,0,2161
507371,51765,18,450,1,4770
101901,17898,22,100,1,4433
30902,4175,12,50,1,3384
103891,140573,21,1150,3,5699
1612,955,9,0,0,8296
19634,0,0,0,0,4198
29506,4826,16,500,2,4993
194875,7550,6,1050,3,3831
23984,2737,14,0,0,4905
16875,500,1,0,0,1838
6978,610,3,0,0,4349
10000,3375,19,0,0,1418
115197,17638,24,0,0,4820
72019,20430,8,0,0,1789
18111,4625,26,0,0,6463
12176,875,7,0,0,2268
89480,2946,4,1946,3,5902
121639,67286,7,0,0,7288
34546,1500,2,0,0,5612
94201,21559,13,0,0,1716
10740,0,0,0,0,4926
12950,12798,18,195,1,3432
377252,230629,30,6393,13,6996
13290,3175,5,0,0,4679
48721,18781,12,300,3,4672
10824,3375,19,0,0,867
19823,1095,3,335,1,6730
47787,47223,21,450,1,2921
38918,6505,29,618,2,4442
132871,300,3,200,2,1719
109268,7401,17,750,1,4034
215155,57130,15,0,0,3069
63193,20372,14,100,1,3036
70565,25261,15,750,2,5499
37348,0,0,0,0,7472
16103,10819,13,0,0,5427
65904,47224,35,5350,18,3655
32091,8426,17,1000,2,1731
17079,4000,3,0,0,1605
36829,42497,19,1001,1,1015
23257,0,0,0,0,361
146173,13871,17,0,0,4414
119977,9275,16,1400,4,7226
292533,64186,15,1000,2,6095
27310,15537,16,500,1,3623
12263,325,1,325,1,3224
34862,2725,5,0,0,3004
259582,3833,21,1762,9,4638
298121,60808,20,500,1,7640
400,160,1,0,0,3460
60170,17235,14,0,0,5351
55778,6500,12,500,1,3704
65926,11639,17,0,0,3362
620498,25395,53,1750,14,8296
59874,0,0,0,0,3986
39503,16671,18,2339,2,4884
4750,1875,8,0,0,1416
113731,1700,5,700,4,4482
128213,7956,13,500,1,2522
97349,42774,14,0,0,6128
110839,17550,24,7550,23,2272
141491,63060,6,0,0,5827
92492,11029,6,0,0,2839
131755,37299,16,0,0,3952
288379,15942,8,1442,5,4741
51680,54926,65,3088,8,2112
9157,22802,10,1245,3,901
6125,2750,8,0,0,144
18932,24660,22,0,0,6091
13301,3500,21,0,0,1400
42481,24617,16,0,0,678
164307,21704,14,0,0,4023
60856,17332,8,0,0,2076
34894,13955,17,0,0,2447
10710,1000,1,0,0,3460
194816,20822,25,6647,12,2424
706,730,3,100,1,1739
1022,0,0,0,0,463
19382,195,2,0,0,2545
16136,0,0,0,0,1177
12184,1160,3,0,0,3939
20971,43527,34,0,0,1695
34535,2719,12,0,0,1358
19578,5208,11,0,0,1632
80214,500,1,500,1,7029
1837,1000,1,0,0,219
642,0,0,0,0,355
25125,1875,8,0,0,5147
217130,51202,20,0,0,5745
1258,475,4,0,0,6134
76118,79154,41,1992,2,3621
43686,4039,12,0,0,4328
74651,10893,22,0,0,3456
50230,4149,9,800,4,3727
31572,0,0,0,0,4299
58778,28325,13,0,0,4919
19787,2016,9,500,1,4258
54337,2131,9,230,1,5976
24407,923,10,0,0,3910
21461,4010,26,0,0,1509
16866,0,0,0,0,5072
25268,4566,8,800,3,2126
105683,28386,17,0,0,6361
25807,550,3,550,3,1838
238446,37766,28,1550,11,890
65519,0,0,0,0,4150
12024,0,0,0,0,5119
32824,1660,5,100,1,2339
137908,57713,19,0,0,7250
126490,8808,15,5183,12,1566
89999,11694,13,0,0,7530
4000,0,0,0,0,3453
91755,5026,8,751,3,2676
148318,51197,22,350,2,6648
26077,6768,4,0,0,3487
12742,0,0,0,0,7966
22963,0,0,0,0,2998
2692,800,4,50,1,2447
156853,37625,14,0,0,4510
76938,23503,13,0,0,2422
54177,45403,15,500,1,2123
84979,36702,16,0,0,1600
31520,130,2,0,0,2858
6458,0,0,0,0,8296
8740,1250,3,0,0,5395
5580,60,2,0,0,4533
84305,78931,15,0,0,4734
57587,2620,6,0,0,5799
43348,68846,25,200,1,2869
90307,3150,3,650,2,4664
87474,4581,15,0,0,7634
15275,75,2,0,0,2761
105957,4881,12,0,0,3859
15835,112171,16,0,0,5825
176090,5300,9,2200,6,7344
59913,2210,5,150,1,3481
68666,350,2,350,2,7861
8250,3000,17,0,0,915
13381,1000,8,0,0,8289
19640,935,3,0,0,1451
149305,49893,19,0,0,4030
8647,0,0,0,0,4036
40576,0,0,0,0,5118
312512,100,1,100,1,7078
31789,10220,17,0,0,2699
44792,9463,16,0,0,2430
164178,35314,23,1100,3,4883
7500,2950,8,2850,7,1668
451294,45907,22,500,1,3347
16090,850,6,850,6,2592
12824,500,4,0,0,1677
183303,11500,3,500,1,3281
114719,0,0,0,0,1136
135374,23835,22,917,2,2294
9446,0,0,0,0,667
39715,17388,12,0,0,2826
140914,0,0,0,0,1791
58421,1000,1,0,0,6532
143481,45891,15,0,0,7437
31593,3128,12,0,0,5846
24765,19969,5,0,0,595
25766,2548,16,100,2,2973
49807,6393,20,0,0,3718
162840,57382,15,0,0,2277
24580,255,3,0,0,1926
86500,51740,20,0,0,1691
131618,46473,16,0,0,4274
15243,675,3,0,0,1944
23894,6000,3,0,0,2705
46967,2000,9,0,0,2888
110277,37110,18,1500,3,6445
13144,18615,18,0,0,6196
88449,11402,18,1450,5,8296
100992,8144,16,409,2,5422
84179,22397,19,0,0,1976
194111,12350,30,2750,15,1777
61191,8502,17,0,0,2112
197328,60447,12,0,0,7092
54899,500,1,500,1,1401
255797,62107,16,0,0,5832
121390,8500,4,0,0,3342
39985,15103,21,0,0,5794
8060,1750,4,0,0,1534
98343,31961,16,0,0,4971
17769,5165,10,0,0,1807
52980,17078,14,0,0,8237
98608,969,12,0,0,4663
28443,53065,18,150,1,2462
7329,10639,16,0,0,2993
12096,50,1,50,1,2607
16618,897,5,0,0,3620
58538,48670,19,500,2,4352
65812,185,2,0,0,2854
53040,3960,9,0,0,1595
726,0,0,0,0,4268
13033,1625,6,0,0,4334
55472,17848,18,3763,3,3566
36311,100,1,100,1,1766
16230,486,2,0,0,7477
23193,650,4,550,3,7861
61455,28765,17,0,0,7183
56017,3905,6,1668,1,4086
120945,4300,4,300,2,5871
16152,6129,19,500,5,1635
73027,34002,19,0,0,4063
10630,550,6,0,0,1670
50783,11595,15,0,0,2060
139849,19946,15,0,0,8228
56745,6000,3,0,0,3280
56480,35841,31,500,1,5401
64924,14971,13,0,0,1989
38718,0,0,0,0,7314
25753,3400,21,0,0,1614
67495,8620,8,0,0,1302
94875,58314,25,800,7,4736
22805,26334,27,1800,6,3294
45340,14063,16,500,1,4660
187462,10500,5,500,4,3953
9793,3100,2,0,0,5755
8913,2050,10,50,1,3630
117329,6448,11,0,0,7416
25341,38,4,0,0,3995
189235,20487,20,0,0,5282
26069,0,0,0,0,1278
190208,37122,38,1800,6,5091
72962,28055,16,0,0,3869
68012,247,3,0,0,3342
16188,3726,7,300,4,900
36079,22506,22,150,1,5323
64153,23563,19,0,0,3575
55997,68320,23,0,0,5899
14528,6000,7,3000,6,8289
95925,7337,22,350,2,4625
90855,23992,13,0,0,5919
276,2396,3,396,1,3042
55152,14630,14,0,0,1662
102230,3406,5,500,1,2620
44824,21107,19,2000,4,5916
430,220,1,0,0,2196
50895,29618,15,0,0,2980
25748,0,0,0,0,2566
139664,63706,14,0,0,5505
8910,150,1,150,1,6413
32356,22918,19,0,0,6571
119239,36362,15,250,1,7467
23781,50,1,50,1,3085
23448,36941,18,700,3,2675
5400,1875,8,0,0,1324
10302,30298,19,0,0,7591
36935,34448,17,0,0,5766
27592,335,3,0,0,2633
967,980,2,0,0,5716
47780,88773,20,250,2,6329
4431,0,0,0,0,1582
6158,27754,14,0,0,5546
133264,74067,21,0,0,5926
70877,8956,15,0,0,5696
17681,500,1,0,0,2059
16346,5930,15,0,0,2108
286101,72965,31,3000,11,4666
39233,27545,13,0,0,5920
8964,0,0,0,0,594
28138,6330,29,0,0,3847
95595,12060,14,0,0,5877
5154,54657,28,0,0,3769
156544,46593,13,0,0,4225
43954,63463,13,250,1,8228
49454,9548,22,250,1,6501
96387,43512,20,0,0,6065
22380,300,2,200,1,7010
88093,15518,13,343,1,4660
117852,11406,21,3850,13,6186
20342,3291,9,0,0,5829
23294,420,4,0,0,2228
179251,14775,16,200,2,5629
66456,3500,4,1000,2,4679
59546,20730,4,0,0,6135
19244,215,2,0,0,6968
41073,13993,20,0,0,2493
26504,10599,29,1000,7,1445
59696,63827,22,500,1,2654
97763,2000,9,0,0,8296
642,642,3,0,0,170
27320,0,0,0,0,1725
3126,100,1,0,0,1634
20882,1000,1,0,0,328
27604,1570,6,0,0,1555
132894,34540,15,0,0,3106
19132,9124,17,0,0,3915
6206,375,3,0,0,4107
136664,36024,15,0,0,6086
13781,48914,19,500,1,6269
2875,1375,4,0,0,1381
51142,5000,3,0,0,1874
40424,44110,26,343,3,1523
54889,13150,4,0,0,6438
59515,3170,5,0,0,2705
37358,50488,19,0,0,3967
55591,8817,13,0,0,3693
63190,18950,13,250,1,3041
79020,3422,10,0,0,2179
48265,1000,1,0,0,2951
11947,8099,14,1000,2,1656
5360,0,0,0,0,4392
11457,705,3,0,0,3767
36219,4044,10,0,0,4595
30130,9192,15,0,0,4993
37381,6091,16,0,0,6332
35433,1600,3,0,0,4113
114949,87136,24,600,2,4294
55237,5547,14,0,0,6358
77102,13175,20,1850,6,5581
1452,2375,5,0,0,3396
33835,2280,7,1000,2,5771
32522,5971,4,471,2,4042
29326,23061,7,0,0,2497
20713,13421,12,400,1,2104
12250,4875,32,0,0,1346
49874,7200,9,1700,4,3817
61919,39163,14,350,1,5157
72297,16241,16,0,0,1587
46876,9680,7,0,0,3498
12532,2069,9,0,0,1445
25730,1431,3,931,2,630
9500,3125,18,0,0,1415
14155,3250,19,0,0,4134
19128,10595,27,0,0,1919
51843,40997,17,0,0,5859
81155,49904,41,0,0,1276
96627,49059,26,2300,9,6738
9634,9634,5,0,0,2146
17810,1375,4,0,0,4294
145750,10986,12,0,0,2531
71235,41004,14,0,0,6535
6112,0,0,0,0,6709
23179,0,0,0,0,2794
34855,230,3,0,0,2882
16928,1000,1,0,0,7173
25485,9655,10,2800,8,2798
19960,0,0,0,0,4896
96477,2987,13,0,0,6221
98151,38812,11,500,1,1976
33443,0,0,0,0,6476
28745,10375,43,0,0,1323
48970,30872,14,0,0,3817
37215,8199,8,0,0,5637
111072,50533,19,350,1,5541
24838,500,1,0,0,1684
44873,38740,18,850,2,7267
142729,0,0,0,0,1823
75132,53001,23,400,3,2720
23099,300,3,300,3,2292
31769,450,2,450,2,6707
28254,17117,19,1050,6,2692
4676,0,0,0,0,141
5375,2000,9,0,0,4509
34235,18910,7,250,1,1415
90666,32474,14,0,0,1582
468,26650,14,550,3,5708
40264,19137,13,0,0,4684
42044,11433,10,0,0,6140
50987,0,0,0,0,2259
7800,200,1,0,0,5787
66009,0,0,0,0,1603
62335,500,1,0,0,2147
29657,8092,4,0,0,1592
39079,3070,5,0,0,4750
4057,23050,11,2550,7,1135
135408,62224,15,607,1,2697
52885,1600,6,100,1,3020
103203,3200,4,200,2,1556
6286,230,3,0,0,1788
231437,31266,26,1550,4,6340
3750,1500,5,0,0,1397
212029,43162,19,0,0,3518
8962,0,0,0,0,4198
20691,16448,6,0,0,1227
223670,32709,13,2227,4,4230
34956,0,0,0,0,7172
101397,19173,12,0,0,5847
3294,1330,2,0,0,6498
40702,39897,14,0,0,2826
6058,0,0,0,0,1608
500,0,0,0,0,340
11472,9068,14,0,0,3290
2900,2900,29,2900,29,1804
89668,29130,14,0,0,6350
1000,0,0,0,0,1597
18433,3174,9,0,0,3930
40252,1375,4,0,0,2565
20900,1000,1,0,0,3685
5594,370,1,0,0,5835
138020,6568,15,0,0,7024
56461,40190,14,0,0,4359
72253,29227,16,0,0,1752
8009,8102,12,2850,6,3279
41556,26682,4,0,0,2131
307260,40533,24,250,1,4791
21784,6208,14,0,0,2483
355423,20500,20,100,1,3963
66539,27894,17,0,0,2741
739476,24215,8,322,1,5678
38465,10550,3,550,2,1580
46578,8322,12,0,0,4645
60076,45582,9,0,0,3935
17964,5030,23,0,0,3783
58620,2125,10,0,0,6051
197673,48932,15,0,0,4775
1446,0,0,0,0,99
126947,2350,2,350,1,5167
16714,0,0,0,0,6214
50674,22073,12,0,0,1615
30892,11474,11,0,0,5283
278258,1000,1,0,0,2298
35216,9959,14,0,0,4481
58628,22581,13,0,0,5471
44324,650,4,650,4,1583
77709,36028,19,100,2,5253
55487,23123,19,1150,5,1986
75027,1390,3,500,1,6067
10097,2700,1,2700,1,7498
106155,0,0,0,0,2657
10000,790,3,0,0,3564
81171,3700,4,100,1,2348
61617,23495,13,0,0,3972
7210,2402,13,0,0,5449
25829,1375,4,0,0,2444
53027,30627,16,0,0,1290
41152,3250,19,0,0,2669
34182,0,0,0,0,3967
10839,190,1,190,1,2341
891,891,8,0,0,1703
29632,0,0,0,0,4898
104670,3993,12,0,0,2202
8454,498,9,0,0,6821
132555,24775,31,350,1,8289
40465,6540,28,0,0,1408
82122,700,3,700,3,3044
7422,2229,3,0,0,2653
189252,2991,15,0,0,8228
97193,13338,12,0,0,2502
35820,0,0,0,0,7575
62076,11221,15,1050,2,4603
91939,1244,8,0,0,8296
109625,63372,19,500,1,5056
2843,44130,35,7450,20,5869
78032,24046,23,0,0,4862
52046,1058,8,683,7,3456
27625,27799,16,500,1,5772
15450,50,1,50,1,5499
765738,62133,14,0,0,6112
3420,1750,7,0,0,1690
370941,44615,16,0,0,7577
169139,9500,5,0,0,2019
2198,16070,12,0,0,4658
5970,1000,1,0,0,3091
104824,14582,15,0,0,6366
1923,1170,2,0,0,4615
4500,2250,11,0,0,666
47394,31347,19,2150,5,5688
14072,20700,16,0,0,1949
30973,0,0,0,0,6298
1500,500,4,0,0,893
37039,29976,18,0,0,6375
117543,32355,21,600,2,4954
63362,16331,15,350,1,3544
10424,0,0,0,0,1894
158986,3558,14,0,0,3404
31786,2661,10,0,0,5380
65952,34770,14,0,0,4827
14769,500,1,0,0,5639
40893,1130,3,0,0,2518
44214,24928,13,0,0,2259
53869,6750,26,0,0,4940
224852,7750,32,750,3,2102
310226,61894,28,1700,9,2900
97155,10004,3,0,0,5244
56455,6000,3,0,0,4218
140511,32105,16,0,0,5651
56896,34019,15,0,0,3696
93148,7776,18,0,0,4631
14662,1110,12,0,0,6197
6181,2000,9,0,0,2878
27669,3375,20,0,0,4127
265532,4652,13,0,0,4849
105294,56281,26,850,5,2021
28941,2935,6,0,0,4692
36924,5900,6,300,2,6879
25936,0,0,0,0,3495
237093,42020,15,0,0,6240
42093,1831,4,0,0,1526
10400,1840,10,0,0,1397
24111,9374,16,0,0,3802
12855,0,0,0,0,1653
210491,48287,18,0,0,2958
24784,100,1,0,0,3729
52738,0,0,0,0,7498
33405,1600,3,0,0,1808
152539,65972,14,0,0,6187
24134,1250,3,0,0,2390
244216,39166,14,0,0,6214
23130,5032,10,0,0,5500
122545,269,4,250,1,3834
76177,31922,16,0,0,3057
91296,19057,16,0,0,2712
25898,7834,3,0,0,1588
83848,28202,14,0,0,5927
24406,5005,14,0,0,3127
6020,0,0,0,0,4986
129866,66150,30,0,0,5692
2886,500,1,0,0,557
11690,0,0,0,0,360
5581,0,0,0,0,8296
8819,12472,15,0,0,1920
133351,84215,43,7000,22,1529
8933,8860,14,0,0,7533
56906,2015,13,0,0,7707
33629,4970,10,150,1,1500
16148,2625,14,0,0,1529
6341,3658,12,0,0,3706
8836,4788,6,808,3,4544
26556,2845,14,720,4,6339
3663,894,10,0,0,5916
24295,250,2,250,2,621
24915,265,3,0,0,1184
230715,24047,12,0,0,6826
15472,3500,14,0,0,6715
137843,45416,24,250,1,6302
10756,1375,4,0,0,3104
158895,41954,15,0,0,6525
174910,63960,20,200,1,7110
391222,27471,20,1600,7,4905
75684,27320,9,0,0,5316
70354,120907,22,0,0,7290
132910,75540,46,250,1,5856
36665,3250,19,0,0,2951
105588,22973,3,0,0,4805
28930,8185,17,0,0,6630
4834,13441,17,0,0,1851
22027,1225,3,0,0,653
34072,500,1,0,0,3879
23354,10447,5,0,0,6896
27469,1,3,0,0,5461
39313,24091,16,0,0,5706
38292,12487,13,250,2,531
12078,500,1,500,1,983
84126,5858,11,4358,10,3159
16200,5375,28,0,0,1407
7273,375,3,0,0,1517
18700,870,2,0,0,3995
4779,600,2,0,0,4926
65466,5488,13,0,0,6280
71736,53602,25,50,1,5485
106471,8444,5,100,1,6220
91935,17550,18,0,0,4216
164613,11095,13,0,0,7375
94016,4773,6,0,0,3161
33374,20441,13,0,0,6214
61227,6957,10,0,0,5647
2003,980,2,0,0,7274
63392,20553,17,0,0,1087
38827,0,0,0,0,2993
148915,23522,16,650,2,6532
50658,1600,3,500,1,2174
6914,1500,1,0,0,3915
54264,15178,17,0,0,1397
11816,0,0,0,0,1596
146263,20853,21,350,1,7001
65982,1750,4,750,3,5030
25849,0,0,0,0,996
837979,18372,15,1450,4,5373
20630,2045,4,0,0,4643
15275,2750,8,0,0,1694
66574,2500,6,400,4,1791
29469,2522,4,0,0,8228
48863,71013,18,1050,3,4925
10797,0,0,0,0,3581
13738,6485,18,900,5,2042
21393,5040,2,0,0,5262
12881,500,1,0,0,3244
191583,25675,18,0,0,2950
48433,4300,5,800,3,3673
11143,2800,6,800,5,6529
21676,15392,15,100,1,5584
15279,17984,19,300,1,3139
89840,7048,14,0,0,3819
98722,18012,19,50,1,2178
116288,65073,18,0,0,4209
17489,5565,4,0,0,5380
36290,8600,13,2600,9,5111
61737,6789,12,0,0,2921
28607,5943,5,0,0,2895
58195,24808,13,0,0,2838
153747,58689,15,0,0,7409
238868,20521,16,0,0,7220
160447,8578,25,0,0,6716
3750,1750,7,0,0,1178
24813,4066,10,0,0,5225
8298,20087,15,0,0,7498
118141,46521,11,0,0,3259
475338,39680,22,700,4,3355
13680,0,0,0,0,7073
417875,44472,18,0,0,6308
137778,19557,18,0,0,4599
24660,7206,14,0,0,5136
138999,63738,29,600,4,7153
16685,400,2,0,0,1817
3974,365,3,0,0,1397
199418,25590,39,3199,9,4548
18387,40560,19,800,2,3588
38997,5158,18,0,0,2399
54842,20792,15,0,0,8296
91813,8690,11,2000,4,3911
65969,2550,5,1050,3,5419
17326,0,0,0,0,1787
12120,1000,1,0,0,1802
8000,0,0,0,0,941
33269,4675,10,200,1,6396
52050,43190,14,0,0,6245
25047,500,1,500,1,443
21110,3402,12,0,0,4516
104523,4000,2,0,0,2073
198137,6303,6,500,1,7323
13250,17778,14,0,0,3861
49479,5500,24,100,1,4282
62882,1925,8,0,0,7375
185549,110859,39,2950,16,6778
134601,0,0,0,0,7493
140398,118013,26,1100,4,2972
459681,95531,17,0,0,8228
20665,19947,16,0,0,5997
21582,10811,15,0,0,4695
206648,5132,16,2450,11,6030
74147,8315,16,50,1,4064
12966,15021,16,886,3,1553
126028,23974,19,668,1,1716
18497,14138,12,0,0,2643
197239,53412,25,250,2,3914
53750,23135,14,0,0,3736
12112,0,0,0,0,4882
67753,18303,15,0,0,3134
386061,107813,24,0,0,7500
66681,4478,16,3504,12,2465
19881,800,4,800,4,1822
123759,50572,23,2500,5,7865
14075,4286,15,0,0,3513
20126,78999,28,800,3,6506
92800,62042,23,350,1,5358
35509,14204,13,0,0,1486
69110,18500,19,0,0,7598
192046,54818,52,1200,3,5829
30662,0,0,0,0,4996
121260,18493,18,0,0,7808
218763,11650,6,1150,3,5975
61990,1625,6,0,0,6833
85071,6600,4,0,0,2322
15676,0,0,0,0,3178
280561,12154,13,0,0,6337
58816,4600,5,1100,3,570
98604,17490,15,0,0,4919
22678,2125,7,0,0,4068
16208,0,0,0,0,2451
15339,1375,4,0,0,628
126409,28460,13,0,0,6478
15241,0,0,0,0,5840
25637,445,3,0,0,2367
19020,330,3,0,0,4614
48896,4081,12,3397,10,4139
20126,0,0,0,0,6053
56805,16617,17,0,0,2307
66275,2533,11,150,1,6884
155587,6893,9,0,0,5279
133370,44299,18,0,0,7101
96714,17026,15,0,0,2185
28077,735,6,500,1,6575
28464,5167,16,0,0,3344
122904,37380,21,1300,4,7956
97750,12616,16,600,2,4074
49288,12538,19,600,2,5353
81419,7769,12,350,1,6599
66950,17303,20,2000,8,5464
84148,84148,7,0,0,1054
24310,2815,6,0,0,5266
33017,10333,18,0,0,1622
30530,5590,12,2950,9,6298
105547,24973,26,500,1,6415
92097,20450,8,1850,3,2825
200089,75019,21,300,2,3166
889456,98959,29,850,4,6652
5875,2125,10,0,0,997
35661,600,3,500,2,1759
71593,22666,17,0,0,2266
48944,17988,12,0,0,1005
61474,47717,14,0,0,3354
37948,19213,43,0,0,3914
227776,47286,19,2276,5,3980
20534,589,7,0,0,4021
329497,57264,12,0,0,6484
33918,145,3,0,0,3012
43229,5000,1,0,0,2644
98006,46349,20,2309,3,7332
576,12082,14,0,0,4128
33327,1000,1,0,0,5664
86853,42293,21,500,1,6980
12093,1605,4,0,0,1411
72131,7681,17,0,0,2390
102570,70503,20,0,0,4524
155278,27200,16,0,0,4926
67615,14168,13,0,0,6413
3788,0,0,0,0,61
92551,13755,13,500,1,3895
77225,30646,15,0,0,4282
167670,15907,13,0,0,6994
16200,40455,17,0,0,3840
83082,16207,13,250,1,2003
35895,15720,11,0,0,4649
98753,1475,5,0,0,2619
27590,100,1,0,0,3455
98213,68013,29,0,0,5755
27759,7195,5,0,0,499
33017,1069,7,250,1,3814
11845,625,2,0,0,2334
49737,60922,22,550,2,4946
131621,27846,31,6047,11,6045
18933,0,0,0,0,284
38835,2625,11,500,1,3378
87366,18012,16,0,0,4380
128302,132263,32,400,2,4103
16079,6085,4,0,0,1670
7879,1815,5,0,0,1849
15036,7917,8,0,0,1935
164884,35226,18,1734,2,5283
11310,5021,2,0,0,1409
38763,34652,13,0,0,6037
141594,30565,16,0,0,3776
45542,59012,14,0,0,5835
73008,12930,18,0,0,5050
30556,950,5,550,3,4361
383129,23608,16,500,1,8289
22048,100,1,0,0,1702
34941,23718,16,0,0,4755
15352,1350,4,0,0,5359
74093,20055,37,0,0,949
18177,12040,12,0,0,6690
163530,88987,25,0,0,7406
42584,841,6,0,0,3526
32313,29188,27,0,0,5397
43403,3350,12,3350,12,3930
16733,1000,1,0,0,1983
152426,6000,6,2000,4,5939
4351,0,0,0,0,1659
14134,2125,9,0,0,2312
3129,0,0,0,0,2840
55473,10156,7,0,0,1751
86112,35528,22,0,0,8105
114356,27308,14,0,0,7456
72027,0,0,0,0,2386
29559,28969,16,0,0,4236
10954,2500,1,0,0,8095
68684,5756,13,0,0,2892
40758,3500,4,1000,2,4299
23188,1291,8,0,0,1627
124869,30116,16,0,0,5924
138254,24100,9,0,0,5420
47557,10267,18,200,3,7345
53532,30808,18,0,0,2927
64969,1135,13,0,0,4996
19483,4263,18,0,0,3589
196967,38490,37,9550,20,4008
46535,25891,14,150,1,5399
76659,0,0,0,0,4608
28228,12948,13,300,1,5108
17949,0,0,0,0,6312
33982,68320,17,0,0,7255
58758,6500,38,0,0,4974
130356,150,1,150,1,5910
4236,3000,7,0,0,4148
252520,43392,17,500,1,3818
60109,2300,6,2300,6,2501
8669,11397,16,0,0,7486
30300,2160,7,0,0,4002
179832,18218,20,2500,5,1569
45522,10728,13,0,0,3197
9445,1000,2,1000,2,3613
7011,19791,16,0,0,3152
192334,33950,21,1450,4,6366
268314,29968,14,500,1,3869
71128,17950,17,4450,11,5162
206155,28447,17,0,0,3848
9860,99,1,99,1,5055
69106,17832,10,0,0,2007
9052,280,2,0,0,3987
6112,0,0,0,0,5072
16622,0,0,0,0,7229
33517,1250,2,250,1,3978
327126,97997,25,350,3,4440
18422,3297,13,0,0,6653
1860,65,2,0,0,5976
17088,0,0,0,0,3510
106309,21873,22,1200,4,5594
50500,4765,14,0,0,6380
45533,56208,16,0,0,2963
267640,6000,3,0,0,8296
65141,31463,26,2550,2,3452
136732,87549,20,0,0,3252
43832,0,0,0,0,7865
75303,74990,15,0,0,4598
26055,3320,14,0,0,1727
52987,17510,15,0,0,6289
960,6000,1,0,0,1262
32160,1130,6,250,1,3883
133445,3375,13,0,0,6492
124198,66330,23,4833,10,7710
26220,2775,11,0,0,6647
8719,2000,9,0,0,5671
143441,58475,27,0,0,2238
8885,1500,5,0,0,1386
32214,12717,10,0,0,5576
148,190,2,0,0,6507
67329,6500,3,0,0,1696
388455,114329,26,6078,8,7164
11631,3289,22,0,0,1157
118177,20910,18,402,1,4811
92875,60990,14,0,0,7344
23197,10587,13,150,1,1747
211355,11238,12,0,0,2294
77930,37541,35,3600,18,5773
156885,38601,19,0,0,4534
5274,2074,11,0,0,5834
66411,34826,19,3001,9,4211
16378,0,0,0,0,2272
97424,63796,17,0,0,2873
89222,0,0,0,0,1528
115385,5890,15,1250,7,4546
62492,3725,11,2600,9,1536
47638,0,0,0,0,3739
533120,120983,18,0,0,4827
18369,800,4,700,3,2327
133831,100,1,100,1,4588
66936,3450,5,950,4,5147
26101,3900,15,3900,15,2222
26896,5364,15,0,0,3685
54011,38380,20,5780,4,6487
31669,8384,15,0,0,6018
31588,2947,8,0,0,7463
48775,17494,15,0,0,5588
181019,18415,15,0,0,7714
89430,24314,18,0,0,1547
5354,0,0,0,0,32
30759,510,3,0,0,3195
28670,11727,11,0,0,2980
23120,4231,7,0,0,5615
16125,23288,17,0,0,5210
500,0,0,0,0,396
108616,36476,13,0,0,4644
427528,35098,16,1600,3,6465
9005,520,1,0,0,3531
70312,34678,24,500,1,6875
969559,2500,3,1000,2,7718
4500,2125,10,0,0,1271
89576,20333,15,0,0,3099
3268,52263,32,0,0,6120
59317,4794,3,1194,1,660
93028,40887,22,0,0,2507
313,1600,1,0,0,6525
171946,19198,28,0,0,4397
135567,3650,5,1050,3,1967
609477,21422,22,1200,8,6820
10100,4400,12,2900,9,1032
79192,14404,21,150,1,2080
7843,600,2,600,2,3557
77540,1000,1,0,0,7683
264685,57505,16,0,0,4112
27135,4908,11,0,0,3783
103586,4000,7,3900,6,2726
8327,2900,4,150,1,5814
52953,500,1,0,0,8289
149733,605,3,500,1,7323
52005,11870,15,100,1,8228
66445,22276,13,0,0,1975
147596,19175,19,16675,18,4076
22201,51278,16,350,1,3602
41279,3664,4,3164,3,4233
11680,1460,3,0,0,1459
144848,37056,15,0,0,5219
6517,2025,8,0,0,1900
8184,0,0,0,0,2832
11001,255,5,0,0,4315
54697,1625,6,0,0,1809
49804,0,0,0,0,2157
109441,6500,10,4000,8,2237
11850,4475,29,0,0,893
15920,2500,1,0,0,2466
188184,32170,13,0,0,3707
21736,6672,10,0,0,2544
71930,32774,13,500,1,4300
27904,6622,17,0,0,3793
11866,6139,9,0,0,4667
58411,2500,1,0,0,2619
49353,34656,14,0,0,3540
125948,15155,15,0,0,6761
52819,37535,15,1000,2,5645
48014,0,0,0,0,2005
65460,0,0,0,0,2493
11504,100,1,0,0,6675
3049,0,0,0,0,3613
12568,350,3,0,0,1664
323,0,0,0,0,1975
28338,90,2,0,0,1936
105423,20802,14,0,0,7078
134882,15717,14,0,0,1597
21138,4500,2,0,0,6031
353678,141230,28,1450,5,8289
148691,3000,3,1000,2,7064
76210,37937,29,1110,8,798
23835,0,0,0,0,1488
249,1000,1,0,0,5204
4316,1375,4,0,0,1515
9312,3405,8,250,1,1527
51250,0,0,0,0,7283
70178,61530,12,1300,6,3306
21875,12398,15,0,0,3299
7457,17131,5,0,0,2496
743745,4100,20,2500,18,8228
49777,12241,12,0,0,4777
27905,3794,11,0,0,4628
6854,0,0,0,0,7467
44514,3577,13,0,0,2657
64824,20184,13,0,0,6770
2104,0,0,0,0,466
90526,2000,9,0,0,4488
84700,13544,17,0,0,7162
50939,16453,16,0,0,2753
66122,11756,13,0,0,5630
131960,16081,8,0,0,8296
15719,5740,13,0,0,4974
19002,22675,21,0,0,6277
19516,17696,16,0,0,3593
24277,5330,5,0,0,3796
7056,0,0,0,0,1057
145074,8000,4,0,0,6746
97099,6325,21,1700,5,8085
105544,31001,16,500,1,2888
40902,4850,7,1350,5,6018
16906,2750,15,0,0,6017
39139,710,4,0,0,3967
101772,26480,17,1000,2,3396
20540,5731,15,500,1,1970
44293,21920,21,100,1,5913
74352,17868,15,0,0,2188
9800,10348,34,3000,25,6651
57434,11140,16,0,0,5770
10940,0,0,0,0,3062
34458,1883,8,0,0,843
8260,700,2,0,0,3673
43382,11150,20,0,0,6924
245021,13639,15,180,1,3984
15737,220,3,0,0,4404
431824,30480,16,500,1,4443
2117,769,7,0,0,5609
16061,2750,11,0,0,6366
28712,1500,3,1500,3,2256
78105,49364,14,0,0,2070
2000,0,0,0,0,520
53957,7000,4,500,1,4133
18179,5488,3,0,0,1877
29287,0,0,0,0,3216
23352,3600,8,3600,8,1459
35445,3379,9,0,0,4198
48803,72129,14,0,0,5107
18035,811,2,0,0,6193
129298,29099,15,0,0,6722
25688,3103,10,0,0,4754
81144,34664,17,0,0,1769
51864,6795,13,0,0,3279
44205,28340,13,0,0,3676
101101,10850,11,1850,6,6725
8399,21136,13,0,0,3052
41048,1195,3,0,0,4856
11023,0,0,0,0,4328
42275,4100,6,1600,5,4712
9489,5359,14,0,0,5807
146599,16463,16,1000,2,6444
23717,3375,19,0,0,1404
74007,9259,13,0,0,2181
51830,0,0,0,0,6507
35738,41264,16,0,0,6526
193818,16327,13,0,0,3768
24803,0,0,0,0,2623
568174,67121,16,1000,2,7243
28731,29782,11,0,0,2182
17648,0,0,0,0,6912
48607,18284,37,0,0,1339
23027,3375,15,0,0,1669
150312,1000,1,0,0,3967
7456,0,0,0,0,2635
404142,75509,13,0,0,4784
65672,29089,13,0,0,6529
66863,36532,9,0,0,7099
37832,0,0,0,0,6004
10508,0,0,0,0,309
166638,64572,22,0,0,1697
25313,7491,13,0,0,7064
190730,78916,28,2450,9,1648
32699,1500,2,500,1,3167
63635,5175,31,50,1,4622
197973,72345,14,1029,2,4155
36978,100,1,100,1,3033
2278,0,0,0,0,5175
97131,33324,19,1500,3,2727
128927,61165,14,0,0,2882
11218,3850,14,0,0,1604
62942,4752,8,2121,6,5070
50,50,1,50,1,5073
97752,43300,26,2077,4,6935
21334,5472,20,0,0,6200
88918,5537,14,0,0,4180
214674,25688,23,2500,5,2607
64594,9295,14,0,0,1869
41354,4123,4,0,0,7034
84035,4240,6,1600,4,8114
21847,929,4,903,3,4491
25824,17760,20,750,2,2559
65021,10369,12,0,0,3547
16014,0,0,0,0,1450
4780,0,0,0,0,4733
15540,209,3,104,1,1761
9372,0,0,0,0,1524
13720,0,0,0,0,5884
53210,11422,10,0,0,4993
66516,45406,16,200,1,5311
62629,36986,14,0,0,2438
11527,16874,27,3880,6,4583
92225,48276,19,350,1,2972
67018,23260,25,0,0,7698
103993,14149,13,100,1,6158
55610,5095,13,0,0,6151
32807,17259,4,0,0,3482
59782,7500,7,2000,4,1681
11529,15738,15,0,0,2768
22181,6245,15,0,0,3656
106921,26666,13,0,0,2581
1250,625,5,0,0,1071
112164,16802,14,0,0,2188
175344,40152,19,0,0,3770
14620,0,0,0,0,2833
2562,9075,11,1050,3,2412
81251,19500,6,0,0,3958
20678,2155,8,0,0,3862
49736,3200,4,700,3,6038
10879,78186,32,3400,12,7981
34357,73622,25,100,1,6198
266776,8370,30,6520,28,5042
194074,12500,6,0,0,4701
138368,68663,13,0,0,5755
217557,97584,19,550,2,6679
8335,3750,16,0,0,2522
24893,0,0,0,0,1652
7421,0,0,0,0,6142
145214,3500,4,500,1,2560
123430,49987,17,0,0,4798
1000,0,0,0,0,1597
3965,8228,12,0,0,2003
11136,100,1,0,0,3571
9264,4830,15,0,0,424
747983,26117,15,50,1,6427
33057,5190,5,0,0,4828
24930,13060,9,0,0,5084
34942,19016,13,0,0,3089
21740,5625,11,0,0,2048
68907,33434,10,0,0,3365
44780,2100,3,1100,2,968
4892,0,0,0,0,1282
32156,23928,29,2150,12,2257
106961,7357,19,200,2,7572
73640,10192,14,0,0,5156
242910,103935,18,500,1,6296
202636,19000,5,0,0,6119
13982,500,1,0,0,2117
32886,3606,10,0,0,3281
37563,8142,14,0,0,3925
148976,2650,3,650,2,2108
70730,1319,12,0,0,7316
4916,900,3,800,2,5107
13310,0,0,0,0,4755
161453,38956,44,0,0,3158
32659,3614,14,0,0,2553
105737,71728,13,0,0,1705
13623,2625,14,0,0,1330
53556,0,0,0,0,3575
47457,12621,16,0,0,7766
46269,20594,14,0,0,3487
365918,83752,23,1373,7,6429
68092,16524,14,500,2,652
118487,3388,14,0,0,2592
42970,7889,14,0,0,2256
32234,17001,13,0,0,1780
43285,28613,14,0,0,8252
5500,2875,9,0,0,1428
23933,10144,15,0,0,1804
55461,31658,17,500,2,2315
50052,49383,13,0,0,8289
40420,8649,14,0,0,3651
56688,3550,10,1050,9,3812
2224,0,0,0,0,5098
20426,3993,7,3493,6,4194
76660,38807,24,3341,1,1193
149286,42141,30,2400,13,7222
60014,45105,32,500,2,669
119676,550,4,550,4,4485
104665,9547,12,0,0,6249
61841,48700,49,0,0,1659
252386,39787,13,0,0,7787
619393,15008,14,0,0,7819
33323,0,0,0,0,1405
17599,100,1,0,0,6029
10146,26633,12,0,0,4509
17823,15323,8,0,0,1453
38137,11050,3,50,1,3182
43220,4985,20,100,1,2041
120576,36635,14,0,0,3823
189423,63584,31,600,1,6476
10643,40585,14,850,2,4107
11660,140,1,0,0,7050
78317,34282,35,2537,11,1859
23827,8125,37,1000,2,4616
46440,5582,24,0,0,3952
20157,1450,3,150,1,2455
4586,1000,1,0,0,249
85156,133,5,0,0,3550
30686,6161,2,0,0,3596
23226,2236,2,0,0,3343
66328,40522,14,0,0,4575
184701,45629,13,500,1,4989
84914,27482,25,0,0,6994
26965,7346,13,0,0,4653
118079,43298,16,500,1,4867
234308,21078,15,200,1,6007
55864,3691,6,500,1,5251
66614,0,0,0,0,1992
106115,16197,21,500,1,5219
30638,48963,16,0,0,5696
21616,0,0,0,0,6291
39566,23755,18,0,0,1763
49238,38037,18,0,0,7801
121688,31631,15,0,0,4420
21921,0,0,0,0,7939
2075,5002,14,0,0,7374
68610,6115,12,0,0,5349
4606,4320,6,0,0,3501
31929,3500,3,1000,2,2019
23379,11712,25,0,0,5499
102942,56780,18,0,0,2405
134501,59855,32,1193,2,4663
63036,9006,14,0,0,4475
18074,1625,6,0,0,1765
3082,0,0,0,0,3923
33087,24761,9,500,1,724
22459,104,2,0,0,4215
73849,11793,21,0,0,7250
529477,31624,28,2098,5,6311
30500,0,0,0,0,1628
22533,22206,17,100,1,5248
84674,46335,14,50,1,6738
24756,7720,26,500,2,4723
57017,2495,11,0,0,3854
59797,7069,4,0,0,7444
182317,19489,17,273,1,7397
108904,19931,17,0,0,5255
8828,0,0,0,0,7914
66741,71921,30,2600,7,6638
22966,3950,8,450,6,1443
85826,33678,29,0,0,3026
165144,24156,14,0,0,3581
45603,5964,13,0,0,2432
124430,15523,17,1200,8,4054
74924,59650,13,0,0,6141
68359,15803,17,0,0,1293
99704,15750,12,0,0,4106
30015,5875,32,0,0,7341
66524,34682,23,0,0,3188
235312,56685,16,0,0,3476
21694,45230,20,700,2,7575
58382,11327,32,4800,23,2480
75413,31726,18,0,0,6094
11289,1500,5,0,0,4492
139423,54152,25,500,3,2677
16200,160,1,0,0,7043
7847,0,0,0,0,284
644881,14350,28,10850,26,2511
26513,7670,14,0,0,2678
18522,4100,8,600,5,3256
36146,4091,10,3091,9,1975
319241,71867,36,0,0,4692
51324,20533,14,0,0,4408
70391,6000,4,0,0,6150
13350,3850,24,0,0,1071
19892,3505,13,0,0,1240
38077,34024,8,0,0,6837
35196,0,0,0,0,2922
80174,500,1,0,0,5804
28312,1726,13,0,0,2335
289351,147787,35,500,1,5789
144697,2000,1,0,0,4420
34616,1750,4,500,1,7850
115154,13466,17,500,1,2440
59791,3254,7,0,0,4602
37202,15000,4,0,0,4511
31489,21950,21,0,0,2216
7239,15835,15,0,0,5343
108137,6368,5,6368,5,6844
27438,2528,6,2528,6,2490
70380,74399,12,0,0,6050
61545,18351,18,0,0,1973
91736,26724,14,0,0,5994
24266,2375,12,0,0,4111
132335,30273,14,0,0,3974
52440,500,1,0,0,4026
22865,1750,7,0,0,2375
37520,19924,6,0,0,1432
85884,7742,9,0,0,4692
162365,65029,15,0,0,1948
20308,19526,13,0,0,3797
24011,20442,9,0,0,6123
13004,13890,39,0,0,1572
41628,16771,12,0,0,1818
33398,14086,15,0,0,2223
13878,0,0,0,0,4317
136161,6032,15,0,0,6463
20457,51399,16,0,0,7193
53790,28717,19,0,0,8296
6584,0,0,0,0,5118
56213,3207,14,350,1,3900
29518,2702,12,0,0,2532
33245,31390,17,0,0,1628
59967,10000,4,0,0,959
45742,7625,23,250,1,2712
115161,9050,18,3050,15,2417
862,0,0,0,0,8
529886,23866,26,7741,15,8296
3831,2,4,0,0,2013
33964,300,3,0,0,5128
109133,21378,16,0,0,2989
107333,4374,5,1874,4,5063
5000,5000,1,0,0,1537
22080,12200,47,1950,9,7050
65573,3875,23,0,0,7130
5250,1875,8,0,0,1418
28143,174,1,0,0,7000
61286,1500,5,0,0,4755
17215,1750,7,0,0,1423
25835,15153,15,0,0,6142
38348,0,0,0,0,6861
97768,26734,13,0,0,3119
54522,21221,45,2500,5,6125
410795,73679,31,0,0,7514
71507,3750,6,0,0,2934
626,626,1,0,0,3393
70464,4000,4,1000,2,4889
42990,5345,3,0,0,5804
11303,0,0,0,0,119
45149,21292,10,0,0,2949
11711,500,1,500,1,1922
39946,16951,14,0,0,5282
83508,11268,13,2176,2,5069
54396,34007,16,0,0,2283
31007,5700,6,1200,4,5465
16843,780,3,0,0,2112
120345,38323,17,650,2,3544
204693,5159,5,0,0,1672
16442,0,0,0,0,1962
73102,18156,20,0,0,2272
44026,12282,18,634,1,5738
160114,71954,86,30817,53,1373
5103,5103,2,0,0,2697
93191,10463,17,3100,7,1539
8232,0,0,0,0,258
176262,12678,8,150,1,4862
79211,36776,14,0,0,7260
36300,450,2,350,1,3329
27381,18009,18,0,0,7524
22647,1136,9,0,0,883
4148,13504,18,0,0,4607
68192,1300,9,1300,9,1640
22116,20809,14,0,0,5463
24051,8764,13,0,0,7395
34781,11270,12,0,0,2859
211595,3250,8,0,0,7521
6850,2225,11,0,0,1719
35945,0,0,0,0,7220
182291,24155,22,0,0,8289
88404,37304,29,500,1,1628
13942,5822,12,0,0,1458
11031,1600,5,0,0,5762
80906,23548,15,0,0,2140
259529,700,3,200,2,2210
16664,0,0,0,0,5778
25205,0,0,0,0,2532
27243,6785,12,0,0,4606
61479,6050,4,50,1,1755
122488,2800,17,1300,16,1718
46207,16093,32,0,0,1130
77285,63841,32,0,0,6417
42342,11408,23,11408,23,4331
123842,24295,14,0,0,2500
168897,37451,24,400,2,5189
11789,28756,20,900,2,4775
33951,12279,14,0,0,1963
34049,2030,8,0,0,3306
44668,872,2,0,0,1557
54942,4200,10,4200,10,2610
35650,23130,34,0,0,1640
3305,31465,24,1700,10,6633
10978,14313,11,0,0,6193
106757,51234,13,0,0,2013
168886,66859,21,200,1,3285
140544,1021,3,500,1,3342
16501,0,0,0,0,360
23184,3694,12,1150,3,7467
8207,1750,7,0,0,6184
15917,105449,25,200,2,5653
975,350,3,0,0,4519
129887,26810,10,810,3,2566
71502,9482,13,0,0,1699
37335,19507,17,0,0,3202
80223,21248,26,2050,7,8121
72173,2954,13,232,1,7509
60867,41345,18,0,0,3454
57642,52176,15,0,0,1564
15436,6147,13,0,0,2138
89945,14218,16,350,1,5680
22551,0,0,0,0,1794
29342,5835,4,0,0,5153
75526,46421,14,0,0,3712
34562,1770,9,250,3,5622
22496,9712,14,500,1,3180
30592,2602,7,0,0,6512
89835,9058,11,0,0,5080
3967,375,3,0,0,1337
3000,1000,1,0,0,270
8723,77923,15,0,0,5231
5824,0,0,0,0,5401
134937,500,1,0,0,4427
40091,7278,10,0,0,6959
1666,980,3,0,0,2761
20818,15214,4,0,0,5036
57432,13422,19,5100,12,2546
48131,60090,18,0,0,2161
70671,0,0,0,0,5850
41370,51335,9,0,0,4842
7216,21419,18,0,0,6470
30062,7373,10,4373,8,3057
443003,1753,43,3850,12,6948
37571,7197,15,0,0,5762
26412,5086,2,0,0,6552
449205,4750,9,3250,8,3071
33972,21029,29,0,0,1467
2625,1375,4,0,0,850
142989,26210,14,500,1,2340
147090,35511,31,1800,16,2927
233449,21274,18,0,0,3419
137134,92740,20,0,0,5170
110480,44191,22,500,1,2539
39654,1625,6,0,0,5518
40724,29481,14,0,0,4007
2686,7500,4,500,1,301
55639,2750,15,0,0,4299
74331,15779,14,0,0,1514
245731,34322,35,0,0,4385
187999,52429,49,4550,24,2184
35766,49702,20,784,1,3503
134346,100210,18,0,0,4485
36398,9704,22,0,0,1858
20503,520,3,0,0,3445
56289,24051,15,0,0,1628
37211,23007,18,0,0,1817
5745,400,4,400,4,1067
5432,1000,2,1000,2,2535
18046,162,4,0,0,5416
88702,9620,13,50,1,7406
153554,11786,6,1750,4,5784
101057,13650,11,2150,9,3600
30868,405,3,0,0,4226
25512,0,0,0,0,5393
22885,1060,2,0,0,1541
31484,3125,11,0,0,4117
16796,2875,16,0,0,6773
5600,125,1,0,0,8228
22291,3812,11,578,2,1675
11525,0,0,0,0,3008
9483,1000,1,0,0,6340
26745,17547,9,0,0,3664
205292,5471,13,0,0,8296
31224,1150,7,650,6,1508
25963,8183,25,0,0,4244
17645,60978,20,0,0,5660
2477,2319,6,500,1,2137
26522,18479,13,0,0,4358
33530,0,0,0,0,1777
51752,25962,20,0,0,4631
12964,450,3,350,2,943
29253,7625,5,0,0,1630
66860,12667,20,980,5,4155
89527,22206,14,0,0,5821
8561,2050,8,1300,2,6675
32774,0,0,0,0,6304
59486,3517,4,0,0,2315
117120,41278,17,500,1,6288
195563,16715,13,0,0,6042
139298,0,0,0,0,4965
53027,0,0,0,0,4585
66466,86952,22,0,0,1956
25168,500,1,500,1,5547
24683,600,2,0,0,2117
103615,13668,15,1300,11,2896
121992,3200,4,600,2,4257
52195,35847,13,0,0,4476
34790,0,0,0,0,2272
45586,37459,15,0,0,7246
190429,27500,11,1500,3,4974
95109,26149,8,0,0,4593
2827,0,0,0,0,1375
169794,22824,19,767,2,3119
29263,15184,13,0,0,5279
17534,0,0,0,0,1656
23432,1162,10,0,0,4510
57477,2607,4,0,0,3038
56258,38591,23,500,1,4197
3507,14500,7,0,0,5643
38042,7658,17,0,0,2606
35026,9799,27,500,1,6247
35304,30532,13,0,0,3131
13232,8668,16,0,0,3753
2784,0,0,0,0,2066
10062,2000,9,0,0,2242
5074,500,1,0,0,4730
81552,7703,8,0,0,3855
33604,13619,16,0,0,2633
14233,160,3,0,0,1687
9338,200,1,200,1,2371
60936,56381,17,0,0,5051
40835,50602,39,2250,10,4090
61172,6875,10,0,0,4609
6356,5000,1,0,0,180
19591,4437,8,0,0,1772
38964,35166,26,3200,8,5553
24698,1329,5,500,1,4267
133002,15672,21,150,1,7117
7515,13681,18,0,0,2552
18750,7000,44,0,0,1036
37693,30546,7,0,0,4671
205523,32404,20,1000,2,7159
84516,22713,15,0,0,4063
32010,12315,6,650,2,6421
207395,55903,17,500,1,4761
20318,6990,13,0,0,1956
65823,28208,19,300,3,6373
74538,18835,21,0,0,2726
11974,4025,12,2400,6,1565
10747,990,4,500,1,2697
31011,0,0,0,0,1130
29919,1225,3,0,0,2949
12646,631,4,631,4,7787
109248,6828,11,0,0,6618
115591,9500,20,2500,16,4967
155962,16510,16,50,1,6406
22639,1840,4,0,0,5168
94938,12999,21,0,0,4310
32934,500,1,0,0,858
120700,55323,17,1500,1,7598
112013,24943,14,0,0,5734
179559,17819,12,1000,2,7173
394999,4150,5,150,3,3599
766419,11398,3,398,1,7162
427357,6027,12,0,0,5587
3578,0,0,0,0,5114
77382,4950,13,0,0,2256
24920,375,3,0,0,2067
9071,1647,9,0,0,5225
16063,2330,9,0,0,1447
210350,56754,14,0,0,5302
40994,26916,15,500,1,5078
1300,454,11,0,0,3691
3441,1643,6,0,0,4484
37773,8436,15,0,0,6179
29929,18032,17,150,1,3344
95656,62666,27,0,0,7019
15098,32917,26,550,3,6737
65633,3100,10,2000,8,1791
4787,3125,8,500,1,4734
39862,14152,18,350,2,2727
18707,100,1,0,0,6693
8557,200622,5,622,3,1955
79903,6600,13,3300,9,3162
124681,23392,39,2287,5,2173
19821,2525,3,425,1,1731
60168,44133,16,0,0,4313
32898,1000,1,0,0,3777
65784,10953,50,0,0,3169
16321,0,0,0,0,2710
83572,101110,27,1700,5,5231
70659,9178,8,0,0,1622
297127,27415,16,0,0,4631
221432,31975,21,0,0,5275
11864,2500,13,0,0,1397
41153,28686,15,0,0,4404
34103,34630,16,0,0,3115
154664,73881,33,0,0,5769
86069,35282,21,0,0,4972
50193,12263,3,0,0,3596
130761,52423,15,0,0,4674
12426,0,0,0,0,2238
40645,18348,13,0,0,8067
138411,53843,14,0,0,6247
40189,0,0,0,0,5952
138020,16449,17,500,1,3637
4360,2000,9,0,0,1355
23578,16366,17,500,1,1830
49874,39976,13,0,0,4293
56693,20454,11,0,0,3893
79629,2550,2,50,1,6091
12981,0,0,0,0,4246
333500,69780,23,1258,4,6171
17995,0,0,0,0,4994
229397,22873,13,0,0,8289
7922,0,0,0,0,4491
29174,100,1,0,0,1087
34540,27882,13,0,0,6494
1224,0,0,0,0,269
46809,125,1,0,0,1878
10307,0,0,0,0,2808
43603,17100,4,100,1,5335
44754,0,0,0,0,3648
95916,11845,11,0,0,3182
8188,500,1,500,1,1985
139897,21065,28,50,1,5329
82270,24612,6,0,0,5270
76060,33424,30,0,0,3263
30171,15370,13,0,0,3853
11070,0,0,0,0,7939
281626,53521,16,0,0,5878
164222,7300,5,800,3,1892
8992,1250,3,0,0,1417
14273,0,0,0,0,4341
117290,1754,8,0,0,2717
128676,8500,3,0,0,5164
3664,0,0,0,0,4089
93154,30752,21,0,0,2333
35342,70454,12,0,0,5534
46654,3215,6,0,0,2830
14513,0,0,0,0,2731
20162,2750,15,0,0,6324
1704838,17108,32,4823,23,7283
63311,25048,14,0,0,6634
92641,5265,6,0,0,5568
43971,1491,11,0,0,2350
104860,28426,28,1150,3,6931
4340,32685,5,0,0,7733
75179,1015,2,0,0,4118
143080,44373,38,3928,17,7575
32678,0,0,0,0,4481
79479,23167,13,0,0,6118
27348,3084,4,0,0,5824
27820,3005,11,0,0,3454
17481,1396,3,0,0,586
8344,1500,2,500,1,1753
205126,126630,45,2250,10,7668
34249,4100,12,0,0,2951
69323,5140,2,0,0,4786
85496,2799,7,2711,6,3820
51169,13080,13,0,0,1809
96154,7052,15,0,0,4433
33410,818,12,0,0,6255
20891,150,3,0,0,1920
26055,647,9,0,0,4464
54594,14402,14,0,0,4233
24608,62774,21,0,0,5430
73378,13607,14,0,0,3599
53715,7164,15,300,2,7416
20584,3450,11,3450,11,6884
18954,550,3,550,3,2465
52965,500,1,0,0,3606
5690,11612,15,0,0,1549
50416,4574,13,450,1,1597
4028,0,0,0,0,346
41526,0,0,0,0,6406
43595,4375,14,0,0,1867
25123,2030,6,0,0,8289
162521,57354,25,0,0,8105
54637,21181,27,4673,21,2927
10470,38094,26,0,0,7840
14371,28723,13,0,0,4671
46074,2193,11,0,0,4419
74796,19710,15,400,1,3616
188703,62973,53,500,1,4625
4375,2875,16,0,0,248
10697,1000,8,0,0,2111
127297,8510,12,0,0,8296
49708,0,0,0,0,4560
16516,500,1,0,0,4275
87282,13480,10,0,0,3911
18820,0,0,0,0,6549
179433,30476,15,0,0,7187
37936,6211,12,0,0,2719
36839,4436,6,0,0,2275
145993,95082,17,500,1,7229
16994,1550,3,1050,2,5379
31759,0,0,0,0,1922
66807,23456,14,0,0,1575
119735,22432,17,1000,2,1996
87692,2310,6,500,1,8289
17445,4500,3,500,1,6576
24100,26674,23,2300,7,3421
86380,13500,3,0,0,6102
62553,7672,16,700,1,6819
16128,475,3,0,0,2643
1000,0,0,0,0,5367
25158,52278,17,0,0,5079
48806,12600,10,2500,8,3502
13490,0,0,0,0,2032
67358,67027,34,500,1,4379
182228,41048,12,0,0,2139
56712,15685,14,500,1,997
18538,2200,3,0,0,4344
14336,0,0,0,0,3349
74453,5500,3,0,0,5181
44353,2500,1,0,0,138
215946,2125,10,0,0,2740
10635,45212,20,0,0,2131
16176,0,0,0,0,4170
130920,30299,20,1100,6,4793
24065,29586,9,0,0,1045
14052,0,0,0,0,1808
193547,3544,12,0,0,5153
1000,1000,1,0,0,148
20111,5653,12,0,0,4468
5546,2631,6,0,0,5995
6914,0,0,0,0,812
58387,14581,39,0,0,1435
37244,38220,18,0,0,3890
3056,1200,3,0,0,4363
12239,2912,5,0,0,4226
15148,15148,3,0,0,269
161546,8042,6,600,2,5722
93319,270,3,100,1,6043
156041,5644,13,0,0,5324
94222,52081,24,0,0,7201
146097,6919,16,0,0,6165
3230,0,0,0,0,10
46963,1500,5,0,0,7117
56687,48989,28,0,0,2973
13986,400,1,400,1,3398
169546,68315,24,600,2,1761
53518,73933,30,400,1,3930
39386,18722,7,0,0,1359
207655,78967,31,0,0,6144
131635,60315,9,0,0,2756
36665,1625,6,0,0,4747
8904,3740,14,0,0,898
28502,2375,12,0,0,1732
8485,0,0,0,0,2111
4584,0,0,0,0,652
145072,15000,4,0,0,2152
2558,6264,10,0,0,5581
15525,3853,6,0,0,7406
972,0,0,0,0,2
48410,37869,16,500,1,6395
93473,20257,15,0,0,6049
15000,15000,1,0,0,1976
10689,2750,15,0,0,5315
413509,2500,1,0,0,6598
35850,17759,18,0,0,3439
4653,0,0,0,0,2094
141554,41685,15,1000,2,1139
105160,20458,21,0,0,3732
1000,0,0,0,0,4769
14440,365,2,0,0,1502
134457,15588,14,0,0,6861
12675,4875,25,0,0,1390
39983,39983,11,0,0,1569
168515,4600,4,0,0,7269
85346,2835,3,0,0,2748
117240,1200,3,700,2,6471
61440,8156,25,0,0,6032
36254,7232,7,0,0,4453
38378,1600,4,600,3,2091
42366,6293,9,0,0,2770
25076,57203,14,0,0,6750
59927,3100,3,0,0,1464
24557,18957,20,0,0,1996
17920,3250,18,0,0,3546
13117,1972,3,0,0,3027
11961,11961,10,0,0,4646
1625,1375,4,0,0,1547
60976,97318,31,7000,14,6282
17603,7247,14,0,0,1958
22751,4500,9,4500,9,4166
179207,7041,6,0,0,3169
69880,4635,5,0,0,4552
67083,4600,4,500,1,4532
2318,8747,14,0,0,7945
78629,36679,25,0,0,6817
109416,73665,39,2200,5,2327
96610,66298,22,0,0,4362
37839,11512,16,0,0,2084
14394,935,4,150,2,2754
27566,6362,24,0,0,3279
5316,1134,4,0,0,4610
109103,19600,27,7600,24,3739
83811,25936,15,500,1,3281
63162,27564,8,0,0,1600
5346,0,0,0,0,1621
56268,33447,14,100,1,6017
38896,76988,16,556,1,7771
31769,0,0,0,0,5464
101431,49801,19,0,0,1677
5500,5500,11,5500,11,1690
18239,0,0,0,0,1683
143566,5000,5,1500,3,6785
1250,1250,3,0,0,679
14889,1500,2,0,0,5393
153597,56567,18,0,0,8289
25435,7147,32,0,0,3027
53935,0,0,0,0,3743
9310,500,1,500,1,4272
68226,3147,8,200,2,4299
37093,4250,13,0,0,1810
17967,1500,5,0,0,3340
5320,2275,9,0,0,5084
17500,17500,2,0,0,4167
13640,1500,5,0,0,4923
201346,99612,34,600,4,7463
20203,750,6,0,0,7467
16528,250,2,0,0,6081
6305,0,0,0,0,1031
38761,9015,12,0,0,1533
23518,11843,13,0,0,1768
92406,9402,26,750,2,1999
74645,40367,18,0,0,6147
65316,3917,10,0,0,7254
232194,46165,17,0,0,1978
35418,58557,18,900,3,6813
39669,31989,14,0,0,1955
20856,5250,4,250,1,6938
33753,14961,14,500,1,3335
222227,38127,14,500,1,7047
125274,3150,4,550,2,2194
105249,36093,15,0,0,6153
124004,9982,12,0,0,5815
248738,500,1,0,0,1888
97752,3676,10,0,0,5309
7500,0,0,0,0,2084
17386,0,0,0,0,3771
278727,21666,19,9166,16,7155
14748,2210,7,0,0,2497
114508,29960,22,1250,8,4226
35474,15086,6,0,0,1479
28519,2125,2,0,0,5405
570,180,4,0,0,785
47291,1350,4,350,3,2336
32540,44283,17,100,1,2297
40257,12885,31,0,0,3237
354641,77694,29,3600,9,5710
8994,0,0,0,0,1104
17609,803,5,803,5,4317
19850,500,1,500,1,4376
66716,22571,16,200,1,2082
27043,0,0,0,0,2814
131424,58814,14,50,1,6128
46003,1340,7,0,0,2698
179382,4225,7,0,0,6115
71713,2135,4,0,0,1845
52084,4836,7,0,0,4222
50431,1000,1,0,0,8289
10497,0,0,0,0,5815
119214,10028,16,0,0,6205
38995,1200,2,200,1,563
40091,0,0,0,0,1803
210040,77333,39,0,0,5517
17060,0,0,0,0,1836
12471,0,0,0,0,666
16844,0,0,0,0,483
190285,69262,16,348,1,5728
28695,0,0,0,0,4173
175131,53495,15,0,0,6431
17863,0,0,0,0,2028
87851,28969,17,0,0,4026
115655,64968,21,500,1,5631
30463,4619,9,0,0,1275
66923,17139,12,0,0,4875
9768,7069,8,100,1,3242
37478,5409,4,5409,4,429
86511,5000,6,2000,4,4625
150176,29999,17,400,1,6284
23649,3250,16,0,0,3176
24228,2850,15,0,0,3452
80500,16368,16,0,0,3146
69555,21957,16,250,1,4390
47513,19904,13,0,0,2516
18727,0,0,0,0,3524
59177,2300,6,700,3,1869
35243,10046,15,1500,3,2356
49375,23628,14,0,0,3797
52475,14447,13,0,0,962
9002,1586,9,0,0,4933
177926,20797,13,0,0,7886
73836,64748,19,0,0,6087
19870,11075,4,0,0,892
66315,8096,9,0,0,1689
22084,2773,10,0,0,2054
125679,68151,27,650,1,3683
22529,5115,20,3400,16,4865
62339,0,0,0,0,1507
206287,11294,20,150,1,2819
23023,0,0,0,0,5087
95783,14506,13,0,0,5659
32619,1070,7,0,0,3846
3250,2125,10,0,0,1117
37953,62571,28,0,0,4282
91605,37840,18,0,0,1444
41279,14462,20,1650,6,7064
1500,0,0,0,0,480
17613,5030,9,0,0,1495
28132,465,5,0,0,1702
64131,7676,15,4620,11,1681
47966,51615,11,650,3,3145
213150,56308,41,5200,14,7645
27591,8209,34,1800,16,5659
149285,15656,13,3250,6,7561
14504,0,0,0,0,2329
81871,23068,20,0,0,2222
21311,2000,9,0,0,1990
28867,19169,28,0,0,1425
104656,5000,3,0,0,1663
46455,6817,11,0,0,1763
19661,0,0,0,0,2175
52060,6500,3,0,0,7162
14554,0,0,0,0,3237
72812,16930,17,50,1,4442
65435,1000,2,500,1,4786
229576,9030,19,9000,18,2217
35080,0,0,0,0,4562
47938,12656,13,0,0,5708
7041,1747,12,0,0,2718
43387,4942,13,0,0,6613
136104,68988,51,2069,8,4916
3832,1000,1,0,0,6120
23385,18303,15,150,1,2248
28010,150,3,0,0,2115
2261,15062,2,0,0,5556
37331,0,0,0,0,1970
77699,42775,13,0,0,7654
8150,14135,41,500,2,1676
140918,69760,32,0,0,3883
55922,8104,19,4104,16,1552
77978,1373,10,650,6,3753
122506,21022,13,0,0,4408
60854,5240,5,0,0,1457
180481,18315,25,3100,7,2019
161579,7688,21,5688,20,3811
108081,217006,24,0,0,3567
25577,33420,18,0,0,4432
92646,27177,16,0,0,4523
654,14967,10,0,0,3022
20746,37534,17,0,0,7185
479989,66516,26,1600,6,6980
26972,0,0,0,0,4587
82078,40279,9,0,0,5664
123370,7478,16,0,0,7197
172288,66879,10,0,0,7130
32749,450,3,450,3,5050
179042,25078,50,3350,15,6456
57293,1000,1,0,0,2319
29417,16011,3,0,0,1582
19290,0,0,0,0,2331
40346,5412,13,0,0,1483
6822,0,0,0,0,1559
24372,255,1,255,1,3064
32948,50,1,50,1,7569
10355,6510,10,0,0,3918
62645,19602,11,0,0,1474
1884,0,0,0,0,31
88668,9889,15,100,1,4903
152881,79687,18,500,1,7474
26119,3189,6,0,0,3257
39372,4296,10,0,0,5190
93045,17636,15,0,0,7092
79561,6333,12,400,2,6231
288865,23600,14,2000,4,6884
463494,27390,17,750,1,6323
76909,18405,12,0,0,2066
68390,3450,3,950,2,4754
13050,13617,16,0,0,5920
15138,140,3,0,0,2993
88443,1200,3,1200,3,6837
162410,20203,17,0,0,4420
22289,18105,34,189,1,1501
22831,4500,15,0,0,5442
35659,1102,9,0,0,3533
12286,7972,11,250,1,1018
326201,19350,14,0,0,3119
11834,0,0,0,0,4306
111442,30368,19,0,0,3392
25853,23163,18,0,0,1886
221543,10300,5,200,3,3554
31539,6406,16,200,1,721
100640,7600,8,1600,5,6708
65207,34832,18,1450,4,3115
52584,2500,1,0,0,1439
27993,6000,3,0,0,5542
178919,23387,17,0,0,6555
41824,2100,3,0,0,1982
48958,24430,5,0,0,3483
85751,26842,14,0,0,3711
151152,13635,21,1100,1,4895
40204,850,3,350,2,3006
126680,18248,39,4723,31,2108
194576,41315,16,550,1,2539
148086,32551,14,0,0,2913
15750,1065,3,0,0,6254
144525,2833,4,0,0,5785
89761,11965,13,0,0,3845
84631,20415,17,0,0,6736
21950,5739,16,0,0,1668
166681,107645,25,0,0,3287
4735,275,2,0,0,4257
25316,0,0,0,0,3258
145726,19019,15,0,0,7292
37305,10205,13,0,0,1513
76552,150010,36,0,0,3894
38716,8253,21,0,0,8114
181200,7514,21,0,0,4159
39908,45824,29,0,0,5394
124027,8698,12,0,0,2952
74072,50272,39,0,0,2264
45735,10085,3,0,0,4239
235947,3982,16,0,0,8145
175461,40997,14,0,0,8289
86150,7600,34,100,1,3011
120576,58831,23,250,2,6896
21944,29461,13,0,0,3900
737514,43993,40,2150,7,5030
54265,0,0,0,0,6109
75112,35532,14,500,1,4271
11933,249,3,79,1,1412
12560,1282,6,1282,6,4324
1100,1100,2,0,0,438
57002,2570,13,0,0,5350
50593,58208,17,1500,2,6689
18366,1100,3,1100,3,4783
47150,39561,18,0,0,5577
7388,3958,15,150,1,446
32015,6000,6,0,0,4574
8250,250,2,0,0,6486
2500,2500,1,0,0,3717
412,13000,1,0,0,4761
518960,15700,8,200,1,2819
139982,14500,6,0,0,1430
15875,24918,12,0,0,4141
94167,6500,4,500,1,5990
34086,19669,18,1500,3,5344
550367,12500,13,50,1,7801
22134,0,0,0,0,2161
77814,14786,11,0,0,4394
20765,15949,4,0,0,319
35119,0,0,0,0,6749
43097,3258,6,0,0,6918
295008,136704,27,0,0,5028
37552,100,1,0,0,5340
3641,1164,3,0,0,3603
44457,225,3,0,0,7026
22585,3430,3,0,0,5689
48145,10735,27,0,0,7540
28733,0,0,0,0,4650
39847,95918,38,150,1,5694
60646,57011,18,50,1,5559
24887,0,0,0,0,4047
4151,375,3,0,0,5570
120476,9406,14,0,0,5870
120152,6250,27,3750,26,4497
23224,1750,7,0,0,2322
25404,2125,7,500,1,5203
38150,16688,15,0,0,5854
23054,400,3,300,2,2553
62464,5675,16,500,1,3820
5667,5667,4,0,0,4937
20198,3139,2,3139,2,601
24847,1550,4,0,0,1022
37866,9200,18,0,0,1230
44101,57114,19,0,0,1829
54345,1850,8,0,0,3348
31967,1600,4,350,2,5101
15635,410,3,0,0,1612
3273,500,1,0,0,2749
41537,3000,3,250,1,669
17336,2375,12,0,0,5934
151904,76440,25,950,8,6273
43761,5398,16,0,0,5268
64956,36694,11,0,0,1012
161396,26695,11,1000,2,5792
41547,16857,17,0,0,6697
11542,49100,16,1500,3,5405
91259,60609,12,0,0,4531
11571,0,0,0,0,1116
24265,1854,12,0,0,2550
20281,0,0,0,0,5567
24563,5718,8,4218,5,1776
171637,4300,8,2800,7,2364
94022,2585,14,0,0,3222
7625,4375,21,0,0,1393
11314,741,4,0,0,3845
12134,57676,25,3064,9,974
37165,19715,15,0,0,1654
103215,16726,14,0,0,2427
28526,4167,15,0,0,1360
13125,550,4,550,4,268
153197,14712,17,100,1,5189
109114,31956,27,0,0,4512
96490,2000,1,0,0,2665
23589,0,0,0,0,3336
70789,76661,29,150,1,3810
11449,9057,13,0,0,7397
102373,67212,33,6600,14,4190
1113394,60883,26,2600,9,8228
34383,22956,12,0,0,5611
126886,9120,17,0,0,4044
27122,0,0,0,0,2630
11030,0,0,0,0,5884
98224,5570,11,0,0,7467
147822,42469,18,0,0,5107
49885,23640,17,0,0,7533
138512,30130,15,50,1,4313
20954,375,3,0,0,1438
9157,75,2,0,0,6274
103796,63335,26,250,1,5021
81291,10522,14,1430,1,5154
119932,22463,26,5177,11,6077
2143,0,0,0,0,1672
207311,31000,37,12000,24,2395
81087,18971,12,0,0,3362
4130,100,1,0,0,673
178733,26465,22,1800,4,4537
118601,51240,19,0,0,5105
114070,16293,24,250,1,5818
53892,28641,20,0,0,3131
61893,0,0,0,0,2320
123516,240544,31,500,2,7507
12350,4125,26,0,0,1314
48256,8942,14,0,0,2121
156766,23375,27,0,0,2840
131306,32115,15,0,0,5797
55996,12165,14,0,0,3582
13949,0,0,0,0,5374
10926,0,0,0,0,1851
48161,41174,24,0,0,6294
47992,645,4,450,1,2073
8103,2750,15,0,0,4776
11431,1759,4,759,3,8289
26149,5190,6,0,0,6646
13460,0,0,0,0,271
77109,60000,7,0,0,6071
22878,9039,32,0,0,6641
29667,5304,19,0,0,4841
60230,500,1,0,0,7544
92402,40825,14,0,0,5443
602064,194753,26,2250,10,7652
101632,48658,14,0,0,3432
126484,5942,13,3192,11,4758
189784,35464,18,2197,4,4190
68023,119512,33,500,1,4702
142527,24091,47,4650,24,3206
56624,12311,14,0,0,2491
56606,61634,14,100,1,6039
92859,33378,15,0,0,5185
79500,21489,15,0,0,4146
98472,124421,45,10250,28,6621
44654,48874,16,0,0,4530
1000,0,0,0,0,500
100649,4000,3,500,1,4457
25934,370,3,0,0,2565
64414,1952,12,0,0,2395
123867,25308,17,0,0,7759
57330,380,3,0,0,4986
19085,827,11,0,0,5244
6015,0,0,0,0,30
36459,7573,17,5473,15,2885
56308,2500,3,1000,2,4688
68,590,1,0,0,3937
47301,4561,4,0,0,1464
227881,41186,13,0,0,7369
491987,68007,23,700,2,8289
24750,0,0,0,0,968
9399,2125,10,0,0,1430
90919,44430,17,0,0,3739
228829,59852,21,0,0,7612
37163,19318,14,0,0,4988
25214,1000,1,0,0,5598
103302,53552,22,700,3,6718
139983,17289,24,100,2,4629
48321,0,0,0,0,6102
71503,7819,17,0,0,5080
91716,6978,12,0,0,4267
16171,2875,16,0,0,4656
57622,1250,3,0,0,2337
28667,3861,7,2050,5,6749
240007,46771,14,0,0,4048
1302051,90653,32,3050,7,7467
160572,8163,18,500,1,6403
106509,1113,7,0,0,5036
26748,11981,14,0,0,5408
109618,14159,11,0,0,2138
56451,9302,11,0,0,5597
10009,0,0,0,0,5353
16859,64109,45,4822,9,3266
23704,14935,14,0,0,868
18959,0,0,0,0,2115
28193,103456,32,0,0,6980
39142,14981,28,0,0,1408
23997,250,2,250,2,4204
256219,29823,33,6568,16,6561
26720,913,3,0,0,8296
20969,40234,13,150,1,1831
468175,141615,22,0,0,7348
135149,15300,19,3800,17,5267
43326,4164,12,0,0,4881
8350,2125,10,0,0,4967
7560,0,0,0,0,5833
35088,320,2,0,0,2362
37965,2250,5,0,0,1998
32708,11556,13,0,0,2035
102339,47498,19,0,0,6156
118844,28731,17,400,2,8289
18059,0,0,0,0,2019
9646,3445,11,0,0,2140
11005,5736,3,0,0,1609
165534,71312,18,1000,2,5736
1500,1500,1,0,0,235
54005,1500,5,0,0,7099
208825,42007,23,0,0,3369
1344,1134,9,0,0,7498
39601,3733,9,0,0,6450
129871,15776,22,0,0,7752
35185,5957,7,0,0,1439
220267,8500,4,0,0,4716
9862,1693,3,693,2,309
30034,15816,6,0,0,2908
5195,33050,3,50,1,5755
9375,1750,7,0,0,6826
151336,11400,6,1000,4,2742
19479,2250,4,0,0,4625
32510,14568,13,0,0,4341
20773,13619,14,0,0,2765
85955,34197,22,600,2,2046
152063,34257,19,1100,3,6159
5112,0,0,0,0,4020
21854,500,1,500,1,1100
200,200,1,200,1,5254
109649,22136,13,0,0,3812
24093,1750,7,0,0,6819
444159,0,0,0,0,5993
43090,11411,10,0,0,6259
50001,4853,12,0,0,4023
46855,8845,17,0,0,4379
49519,25762,18,0,0,1522
7685,500,4,0,0,2406
133309,23987,13,0,0,7415
59805,2900,7,1700,5,2802
65706,21958,17,0,0,4534
134060,46606,13,0,0,6637
22074,6039,15,0,0,7404
49891,500,1,500,1,6392
21842,3250,19,0,0,929
72768,290,3,0,0,2762
199273,58457,14,0,0,3217
16773,140,2,0,0,2525
192104,39010,53,1750,8,8289
16803,1287,6,0,0,6291
127588,11297,11,0,0,1906
54148,40233,14,350,1,5949
43255,2691,3,750,1,2864
29836,16165,3,0,0,815
49749,13609,18,0,0,3265
82120,8000,3,0,0,5619
14231,4950,24,1700,5,3917
30486,0,0,0,0,5051
20885,751,12,0,0,1494
9128,0,0,0,0,1424
35569,27119,21,0,0,3357
14494,500,1,0,0,575
159109,19554,24,1557,6,4138
27102,27102,9,0,0,2563
140527,3500,14,0,0,4023
62183,38635,18,0,0,5738
15283,1250,3,0,0,7132
61285,55027,22,0,0,2412
37252,15774,19,0,0,5842
56186,27538,20,400,4,1926
38307,1500,3,1500,3,2151
192108,10200,3,200,2,4656
7342,0,0,0,0,4604
186892,63444,13,500,1,3732
58229,53108,16,500,1,6137
24598,0,0,0,0,7040
58703,46473,34,950,4,7296
21915,1875,8,0,0,1518
238641,61971,15,850,2,5849
63121,16634,16,150,1,1349
13886,0,0,0,0,6465
41487,10885,7,0,0,6451
56756,10851,14,0,0,2068
48256,9690,2,0,0,3979
23315,705,5,50,1,3309
25395,2000,1,0,0,6624
133853,68136,14,0,0,4960
18150,240,2,0,0,2538
59179,18908,15,0,0,3530
43179,11915,6,0,0,6214
76742,17910,13,0,0,5547
10120,0,0,0,0,6864
36298,3100,5,600,3,6865
44197,2500,1,0,0,3831
125077,21881,14,0,0,5905
20674,16876,22,0,0,2528
69882,180,6,0,0,7582
95100,1250,3,1250,3,5671
14710,3500,2,0,0,3149
52139,16314,14,250,1,3965
39947,1750,7,0,0,3922
13873,4833,20,0,0,6519
6371,1404,8,0,0,5905
322454,44591,23,250,1,5961
52577,441,12,0,0,5804
95759,9198,12,6195,8,2231
47160,0,0,0,0,1898
19839,36375,15,0,0,1535
117860,62758,15,0,0,8296
36887,9048,11,0,0,4951
93848,1600,4,1500,3,4475
128664,44298,16,50,1,5155
19918,17601,11,0,0,6863
126787,35021,17,0,0,6701
152945,18604,6,3604,2,7598
219387,105913,21,150,2,5951
5264,0,0,0,0,4496
68224,28916,16,0,0,1258
17388,0,0,0,0,4232
39020,1295,4,0,0,4246
11447,1945,13,0,0,5902
20810,1713,13,0,0,6225
9389,4195,5,695,2,1509
50016,13495,14,0,0,4548
42999,33801,12,350,1,5653
664,0,0,0,0,2108
25054,32592,17,3409,6,486
152367,43406,24,700,3,3938
75680,23159,14,0,0,3397
25681,14941,20,2963,16,2468
40255,2975,13,750,2,2880
161281,6321,8,175,1,3399
67904,81,1,0,0,5764
11692,0,0,0,0,95
73639,4709,10,2709,9,4341
29125,10930,14,0,0,5945
120622,25675,14,500,1,3040
11836,5075,14,350,1,2479
145233,9366,5,4866,3,2626
17051,1150,4,1150,4,6868
20681,0,0,0,0,4939
18302,2197,10,0,0,6569
28553,13844,5,0,0,5517
20642,4977,13,0,0,1614
122928,12211,14,0,0,6443
114549,5000,4,1000,2,3760
35033,1000,1,0,0,2913
354807,6000,12,3500,11,4597
287033,26161,58,12873,53,2272
29056,4354,14,0,0,715
45485,8417,4,0,0,759
23139,8156,14,0,0,3578
642756,37889,15,1000,2,4841
8210,9122,16,0,0,3312
95118,23188,23,2200,7,6865
15088,0,0,0,0,3650
1000,375,3,0,0,1382
55406,38118,18,500,1,4310
87633,69237,37,4050,9,2068
89708,8000,4,0,0,3173
16153,180,1,0,0,6491
47258,24768,19,0,0,7659
1846,450,1,0,0,6471
104338,2500,1,0,0,5982
10702,200,2,200,2,5272
163315,8035,29,0,0,3120
112197,32108,16,0,0,2013
66300,4750,6,1150,3,1884
165203,36666,20,0,0,3239
49050,18436,16,0,0,2426
98232,56687,14,500,1,3867
36805,13018,16,0,0,3799
26858,34308,17,900,3,6606
380930,22485,25,213,1,6539
196175,33886,13,0,0,3775
11952,0,0,0,0,3244
220081,52574,21,500,1,7626
91048,51580,20,100,1,2669
24523,100,1,0,0,7493
60313,10000,26,3250,9,7829
92533,2220,4,2220,4,1905
333346,52013,31,4309,12,4469
41247,0,0,0,0,2407
71627,3225,9,600,2,5793
22011,0,0,0,0,2167
59113,46808,32,0,0,5435
28495,49442,15,0,0,6912
16489,4851,27,0,0,4064
39859,3675,8,0,0,2272
51082,40878,13,0,0,3524
26939,29264,15,0,0,6148
305519,79216,27,650,3,5724
55661,15107,13,0,0,5387
5269,22697,13,0,0,604
55356,23871,15,0,0,4660
21599,5561,13,0,0,5302
55788,24831,12,0,0,7314
75556,2790,6,0,0,2712
135488,57787,16,0,0,4117
99502,19678,28,600,2,4182
21708,12811,13,0,0,4100
21615,5043,13,1000,2,1069
20010,0,0,0,0,1302
7254,0,0,0,0,4323
10794,0,0,0,0,3712
174286,11850,18,2100,5,1950
49052,46718,17,0,0,6575
44665,333,2,333,2,3601
84868,33187,15,0,0,6057
9125,750,6,0,0,1174
4680,135,3,0,0,1646
50325,11930,14,0,0,7155
83006,45167,13,0,0,4906
10732,1296,6,0,0,8296
6875,4625,30,0,0,581
315273,12584,9,4084,4,5079
15682,5025,6,500,1,3298
114868,45996,22,0,0,3204
30962,97683,37,6400,18,7360
369816,46942,35,7266,17,6340
37529,25706,14,0,0,2558
210018,48914,16,0,0,6217
20498,7826,20,7226,18,5491
23329,6326,3,0,0,4008
45533,12247,20,0,0,1486
9862,31280,15,0,0,4545
15326,0,0,0,0,4140
35094,4000,11,0,0,4944
80534,20715,17,0,0,3949
30178,14422,15,0,0,3656
121779,3500,3,1000,2,634
83237,35287,18,0,0,6837
96053,2200,6,2200,6,4391
3016,0,0,0,0,1398
28577,48564,14,0,0,3586
276571,42044,23,0,0,7872
28848,0,0,0,0,3069
96522,61105,19,0,0,6924
